,FECHA,TMAXH(C),TMEDH(C),TMINH(C),HRMAXH(C),HRMEDH(C),HRMINH(C),LLUVIAH(MM),TMINF(C),TMEDF(C),TMAXF(C),RADF(W/M2),LLUVIAF(MM),T-TD(C),RADF(MJ/M2)
0,2020/01/01,30.3,25.5,21.1,99 ,70 ,46 ,0.0,,,,,,,
1,2020/01/02,31.6,24.7,18.9,98 ,75 ,45 ,0.0,,,,,,,
2,2020/01/03,33.2,28.3,22.7,70 ,60 ,40 ,0.0,,,,,,,
3,2020/01/04,34.4,26.6,19.0,84 ,65 ,38 ,0.0,,,,,,,
4,2020/01/05,34.7,27.1,18.9,92 ,67 ,35 ,0.0,,,,,,,
5,2020/01/06,30.0,23.2,17.6,88 ,67 ,31 ,0.0,,,,,,,
6,2020/01/07,32.0,23.6,13.4,89 ,65 ,24 ,0.0,,,,,,,
7,2020/01/08,35.4,27.4,16.9,93 ,67 ,44 ,0.0,,,,,,,
8,2020/01/09,31.1,26.0,21.5,86 ,65 ,60 ,0.0,,,,,,,
9,2020/01/10,24.2,23.1,22.0,98 ,76 ,60 ,3.05,,,,,,,
10,2020/01/11,33.8,30.1,25.8,99 ,63 ,51 ,3.05,,,,,,,
11,2020/01/12,31.7,27.2,23.8,92 ,62 ,60 ,3.05,,,,,,,
12,2020/01/13,36.0,28.9,23.6,90 ,61 ,58 ,3.05,,,,,,,
13,2020/01/14,36.3,30.2,24.4,99 ,62 ,55 ,3.05,,,,,,,
14,2020/01/15,31.1,25.2,19.6,99 ,64 ,39 ,5.84,,,,,,,
15,2020/01/16,30.2,22.7,15.0,85 ,65 ,24 ,5.84,,,,,,,
16,2020/01/17,30.6,24.0,17.3,83 ,64 ,33 ,5.84,,,,,,,
17,2020/01/18,33.3,27.2,18.9,83 ,62 ,26 ,0.0,,,,,,,
18,2020/01/19,36.2,29.7,23.3,84 ,61 ,54 ,0.0,,,,,,,
19,2020/01/20,32.6,27.8,23.1,99 ,62 ,60 ,45.72,,,,,,,
20,2020/01/21,32.5,26.2,22.7,99 ,63 ,60 ,63.5,,,,,,,
21,2020/01/22,34.7,26.6,20.4,99 ,73 ,60 ,17.78,,,,,,,
22,2020/01/23,35.3,27.6,21.2,99 ,68 ,60 ,0.0,,,,,,,
23,2020/01/24,34.4,27.1,19.7,99 ,68 ,60 ,0.0,,,,,,,
24,2020/01/25,38.0,29.2,20.4,99 ,69 ,60 ,0.0,,,,,,,
25,2020/01/26,35.0,27.4,21.5,88 ,65 ,60 ,0.0,,,,,,,
26,2020/01/27,33.4,25.2,20.5,78 ,62 ,59 ,0.0,,,,,,,
27,2020/01/28,33.6,25.5,16.4,92 ,68 ,60 ,0.0,,,,,,,
28,2020/01/29,25.5,22.4,19.2,99 ,79 ,60 ,2.79,,,,,,,
29,2020/01/30,29.6,22.5,17.7,99 ,76 ,48 ,2.79,,,,,,,
30,2020/01/31,31.0,23.1,13.4,88 ,66 ,60 ,0.0,,,,,,,
31,2020/02/01,33.9,26.2,17.5,93 ,68 ,60 ,0.0,,,,,,,
32,2020/02/02,36.3,27.6,18.6,99 ,69 ,60 ,0.0,,,,,,,
33,2020/02/03,36.0,28.4,19.0,97 ,67 ,60 ,0.0,,,,,,,
34,2020/02/04,38.0,29.7,21.9,88 ,64 ,60 ,0.0,,,,,,,
35,2020/02/05,28.4,23.2,18.7,99 ,79 ,60 ,93.98,,,,,,,
36,2020/02/06,29.6,23.8,20.2,99 ,79 ,60 ,95.0,,,,,,,
37,2020/02/07,28.3,24.1,22.2,99 ,70 ,60 ,97.79,,,,,,,
38,2020/02/08,22.7,22.2,21.4,99 ,99 ,99 ,0.0,,,,,,,
39,2020/02/09,25.0,21.9,18.5,99 ,81 ,60 ,3.05,,,,,,,
40,2020/02/10,29.6,22.1,15.9,99 ,77 ,60 ,3.05,,,,,,,
41,2020/02/11,32.9,23.5,16.6,90 ,72 ,60 ,0.0,,,,,,,
42,2020/02/12,32.5,25.0,18.3,95 ,69 ,60 ,0.0,,,,,,,
43,2020/02/13,31.5,25.8,19.1,92 ,67 ,60 ,0.0,,,,,,,
44,2020/02/14,33.8,26.4,22.4,96 ,63 ,60 ,0.0,,,,,,,
45,2020/02/15,37.5,28.2,20.6,99 ,70 ,60 ,0.0,,,,,,,
46,2020/02/16,36.1,29.1,24.1,60 ,60 ,60 ,0.0,,,,,,,
47,2020/02/17,30.5,23.3,20.8,99 ,78 ,60 ,54.86,,,,,,,
48,2020/02/18,32.5,22.8,15.8,99 ,75 ,32 ,54.86,,,,,,,
49,2020/02/19,31.6,22.6,15.5,99 ,74 ,60 ,0.0,,,,,,,
50,2020/02/20,29.2,21.7,17.5,99 ,73 ,33 ,0.0,,,,,,,
51,2020/02/21,28.7,20.8,16.0,73 ,61 ,33 ,0.0,,,,,,,
52,2020/02/22,29.3,20.7,9.9,91 ,68 ,36 ,0.0,,,,,,,
53,2020/02/23,27.9,24.7,19.3,75 ,62 ,52 ,0.0,,,,,,,
54,2020/02/24,31.4,23.0,14.6,99 ,73 ,50 ,0.0,,,,,,,
55,2020/02/25,31.5,24.1,18.3,96 ,72 ,60 ,14.22,,,,,,,
56,2020/02/26,33.6,22.8,14.1,91 ,73 ,59 ,14.22,,,,,,,
57,2020/02/27,32.9,23.1,13.9,92 ,71 ,60 ,0.0,,,,,,,
58,2020/02/28,35.4,25.4,15.8,98 ,69 ,60 ,0.0,,,,,,,
59,2020/02/29,35.5,25.9,16.9,98 ,70 ,60 ,0.0,,,,,,,
60,2020/03/01,34.1,25.8,16.8,99 ,71 ,60 ,0.0,,,,,,,
61,2020/03/02,24.5,20.7,17.3,94 ,76 ,60 ,0.0,,,,,,,
62,2020/03/03,34.6,26.3,17.1,86 ,64 ,60 ,0.0,,,,,,,
63,2020/03/04,36.6,27.1,18.8,88 ,66 ,60 ,0.0,,,,,,,
64,2020/03/05,35.3,27.2,19.1,85 ,64 ,44 ,0.0,,,,,,,
65,2020/03/06,32.8,25.6,18.7,92 ,68 ,54 ,0.0,,,,,,,
66,2020/03/07,34.7,26.7,17.9,99 ,68 ,60 ,0.0,,,,,,,
67,2020/03/08,36.9,27.5,18.6,95 ,69 ,60 ,0.0,,,,,,,
68,2020/03/09,38.6,28.7,20.6,86 ,66 ,60 ,0.0,,,,,,,
69,2020/03/10,33.2,25.9,19.7,96 ,70 ,60 ,2.54,,,,,,,
70,2020/03/11,38.4,27.7,20.3,98 ,66 ,60 ,5.84,,,,,,,
71,2020/03/12,28.7,22.3,18.3,99 ,82 ,60 ,23.11,,,,,,,
72,2020/03/14,27.2,22.9,19.5,81 ,69 ,60 ,0.0,,,,,,,
73,2020/03/15,19.5,16.6,13.9,99 ,95 ,81 ,27.18,,,,,,,
74,2020/03/16,30.2,22.7,17.4,99 ,77 ,60 ,27.18,,,,,,,
75,2020/03/17,23.3,20.9,17.6,99 ,96 ,60 ,24.64,,,,,,,
76,2020/03/18,17.8,16.8,16.1,99 ,97 ,53 ,24.64,,,,,,,
77,2020/03/19,32.8,26.8,17.3,99 ,64 ,39 ,24.64,,,,,,,
78,2020/03/20,31.1,21.5,12.4,99 ,72 ,31 ,0.0,,,,,,,
79,2020/03/21,30.3,22.4,14.4,99 ,73 ,44 ,0.0,,,,,,,
80,2020/03/22,31.6,23.4,15.1,99 ,73 ,40 ,0.0,,,,,,,
81,2020/03/23,33.2,26.7,19.0,95 ,65 ,42 ,0.0,,,,,,,
82,2020/03/24,34.5,26.6,18.9,89 ,68 ,47 ,0.0,,,,,,,
83,2020/03/25,26.5,21.9,18.3,99 ,86 ,60 ,5.59,,,,,,,
84,2020/03/26,26.3,20.7,18.3,99 ,91 ,60 ,6.86,,,,,,,
85,2020/03/27,23.7,20.9,17.3,99 ,92 ,60 ,7.11,,,,,,,
86,2020/03/28,28.4,21.2,16.9,99 ,86 ,60 ,7.11,,,,,,,
87,2020/03/29,32.9,23.7,18.5,99 ,82 ,50 ,0.0,,,,,,,
88,2020/03/30,35.1,24.2,17.0,99 ,77 ,47 ,0.25,,,,,,,
89,2020/03/31,31.3,24.8,20.9,99 ,76 ,60 ,0.25,,,,,,,
90,2020/04/01,28.6,23.4,19.1,99 ,84 ,60 ,1.02,,,,,,,
91,2020/04/02,26.7,19.8,14.3,98 ,75 ,37 ,1.02,,,,,,,
92,2020/04/03,27.7,17.6,0.0,91 ,70 ,0 ,1.02,,,,,,,
93,2020/04/04,28.0,19.0,10.8,99 ,76 ,46 ,1.02,,,,,,,
94,2020/04/05,30.1,20.9,14.3,99 ,79 ,46 ,1.02,,,,,,,
95,2020/04/06,24.4,18.7,14.3,98 ,66 ,28 ,1.02,,,,,,,
96,2020/04/07,25.2,20.2,0.0,72 ,49 ,0 ,1.02,,,,,,,
97,2020/04/08,,,,86 ,58 ,32 ,,,,,,,,
98,2020/04/09,26.8,19.9,9.8,88 ,65 ,37 ,0.0,,,,,,,
99,2020/04/10,21.8,12.6,9.4,90 ,83 ,62 ,0.0,,,,,,,
100,2020/04/11,26.2,21.8,0.0,99 ,61 ,0 ,0.0,,,,,,,
101,2020/04/12,27.4,19.8,11.1,99 ,70 ,43 ,0.0,,,,,,,
102,2020/04/13,23.9,17.5,12.9,99 ,80 ,52 ,14.48,,,,,,,
103,2020/04/14,27.4,16.6,0.0,97 ,74 ,0 ,14.48,,,,,,,
104,2020/04/15,28.1,17.5,8.6,92 ,69 ,32 ,0.0,,,,,,,
105,2020/04/16,26.7,17.8,10.2,91 ,72 ,43 ,0.0,,,,,,,
106,2020/04/17,27.7,18.8,11.2,99 ,69 ,46 ,0.0,,,,,,,
107,2020/04/18,27.5,18.7,0.0,99 ,72 ,0 ,0.0,,,,,,,
108,2020/04/19,30.2,20.4,11.6,99 ,75 ,41 ,0.0,,,,,,,
109,2020/04/20,25.5,16.8,13.9,99 ,90 ,60 ,0.0,,,,,,,
110,2020/04/21,30.5,20.2,14.1,95 ,77 ,45 ,0.0,,,,,,,
111,2020/04/22,28.3,21.2,15.6,99 ,78 ,59 ,0.0,,,,,,,
112,2020/04/23,30.0,23.4,17.8,89 ,70 ,47 ,0.0,,,,,,,
113,2020/04/24,35.6,26.1,18.0,92 ,68 ,39 ,0.0,,,,,,,
114,2020/04/25,26.0,20.3,18.0,98 ,87 ,60 ,0.0,,,,,,,
115,2020/04/26,20.1,18.2,16.6,99 ,99 ,97 ,17.02,,,,,,,
116,2020/04/27,20.7,19.6,18.5,99 ,99 ,99 ,21.34,,,,,,,
117,2020/04/28,24.4,19.3,12.2,99 ,86 ,53 ,5.59,,,,,,,
118,2020/04/29,28.9,16.5,8.3,88 ,68 ,22 ,0.0,,,,,,,
119,2020/04/30,25.8,18.9,14.8,87 ,70 ,38 ,0.0,,,,,,,
120,2020/05/01,30.3,19.5,11.3,89 ,74 ,34 ,0.0,,,,,,,
121,2020/05/02,25.0,21.8,18.1,69 ,61 ,47 ,0.0,,,,,,,
122,2020/05/03,21.2,16.8,16.1,79 ,75 ,62 ,0.0,,,,,,,
123,2020/05/04,25.6,18.7,13.8,97 ,79 ,59 ,0.0,,,,,,,
124,2020/05/05,19.9,14.0,0.0,99 ,76 ,0 ,1.52,,,,,,,
125,2020/05/06,22.7,11.2,3.8,89 ,68 ,31 ,1.52,,,,,,,
126,2020/05/07,20.7,11.5,3.5,99 ,75 ,43 ,1.52,,,,,,,
127,2020/05/08,21.0,10.1,6.1,99 ,85 ,47 ,0.0,,,,,,,
128,2020/05/09,27.3,20.4,12.4,77 ,59 ,37 ,0.0,,,,,,,
129,2020/05/10,32.1,19.6,0.0,86 ,67 ,0 ,0.0,,,,,,,
130,2020/05/11,23.7,16.8,11.0,80 ,51 ,25 ,0.0,,,,,,,
131,2020/05/12,23.3,14.5,8.1,80 ,55 ,27 ,0.0,,,,,,,
132,2020/05/13,18.9,10.7,6.4,82 ,66 ,33 ,0.0,,,,,,,
133,2020/05/14,21.3,11.7,3.2,99 ,67 ,37 ,0.0,,,,,,,
134,2020/05/15,30.4,15.7,6.8,91 ,72 ,41 ,0.0,,,,,,,
135,2020/05/16,32.4,22.6,11.1,90 ,66 ,45 ,0.0,,,,,,,
136,2020/05/17,32.2,19.2,10.8,94 ,73 ,48 ,0.0,,,,,,,
137,2020/05/18,28.7,18.9,11.1,94 ,69 ,44 ,0.0,,,,,,,
138,2020/05/19,17.4,13.0,12.1,99 ,69 ,60 ,0.0,,,,,,,
139,2020/05/20,25.5,19.7,14.0,88 ,71 ,60 ,0.0,,,,,,,
140,2020/05/21,14.9,13.4,12.0,84 ,76 ,65 ,0.51,,,,,,,
141,2020/05/22,14.7,11.2,5.7,81 ,63 ,41 ,2.03,,,,,,,
142,2020/05/23,20.7,8.9,1.3,90 ,59 ,24 ,2.03,,,,,,,
143,2020/05/24,25.0,11.6,2.3,99 ,68 ,28 ,0.0,,,,,,,
144,2020/05/25,23.2,14.8,7.4,87 ,50 ,27 ,0.0,,,,,,,
145,2020/05/26,14.3,8.6,0.0,86 ,71 ,0 ,0.0,,,,,,,
146,2020/05/27,25.9,15.5,7.1,92 ,69 ,38 ,0.0,,,,,,,
147,2020/05/28,27.1,16.5,9.4,95 ,72 ,45 ,0.0,,,,,,,
148,2020/05/29,27.1,16.0,7.3,92 ,75 ,51 ,0.0,,,,,,,
149,2020/05/30,12.3,10.8,9.0,91 ,75 ,57 ,0.0,,,,,,,
150,2020/05/31,17.8,10.5,4.3,81 ,61 ,32 ,0.0,,,,,,,
151,2020/06/01,19.9,8.7,0.8,84 ,57 ,32 ,0.0,,,,,,,
152,2020/06/02,19.0,9.3,1.3,86 ,59 ,29 ,0.0,,,,,,,
153,2020/06/03,16.5,10.6,3.4,99 ,76 ,54 ,0.0,,,,,,,
154,2020/06/04,20.3,12.0,5.9,93 ,72 ,50 ,0.0,,,,,,,
155,2020/06/05,18.0,11.3,7.9,90 ,74 ,51 ,0.0,,,,,,,
156,2020/06/06,24.0,11.0,3.1,99 ,75 ,38 ,0.0,,,,,,,
157,2020/06/07,22.0,11.5,3.9,99 ,81 ,41 ,0.0,,,,,,,
158,2020/06/08,23.4,13.4,6.2,99 ,85 ,55 ,0.0,,,,,,,
159,2020/06/09,25.0,14.5,6.6,99 ,81 ,49 ,0.0,,,,,,,
160,2020/06/10,25.3,15.2,9.7,99 ,81 ,53 ,0.0,,,,,,,
161,2020/06/11,22.9,14.3,6.9,99 ,82 ,51 ,0.0,,,,,,,
162,2020/06/12,23.0,15.1,8.3,99 ,67 ,24 ,0.0,,,,,,,
163,2020/06/13,17.1,10.3,0.0,76 ,47 ,0 ,0.0,,,,,,,
164,2020/06/14,15.7,12.7,8.9,62 ,46 ,36 ,0.0,,,,,,,
165,2020/06/15,18.5,11.5,0.0,84 ,65 ,0 ,0.0,,,,,,,
166,2020/06/16,25.9,16.2,6.3,98 ,84 ,60 ,0.0,,,,,,,
167,2020/06/17,29.1,21.1,13.7,88 ,76 ,60 ,0.0,,,,,,,
168,2020/06/18,25.5,15.3,9.6,79 ,59 ,35 ,0.0,,,,,,,
169,2020/06/19,25.5,13.9,6.7,99 ,77 ,44 ,0.0,,,,,,,
170,2020/06/20,15.6,10.1,6.0,99 ,96 ,89 ,0.0,,,,,,,
171,2020/06/21,19.9,12.9,7.0,99 ,71 ,34 ,0.0,,,,,,,
172,2020/06/22,19.9,10.9,2.8,99 ,73 ,56 ,0.0,,,,,,,
173,2020/06/23,15.0,13.0,11.4,98 ,94 ,88 ,0.0,,,,,,,
174,2020/06/24,14.1,10.2,5.6,99 ,89 ,73 ,0.51,,,,,,,
175,2020/06/25,19.0,9.0,3.6,91 ,68 ,32 ,0.51,,,,,,,
176,2020/06/26,15.4,6.7,0.6,85 ,62 ,36 ,0.0,,,,,,,
177,2020/06/27,18.0,7.4,1.4,87 ,63 ,40 ,0.0,,,,,,,
178,2020/06/28,17.7,8.8,1.7,88 ,64 ,38 ,0.0,,,,,,,
179,2020/06/29,19.4,10.3,2.6,99 ,82 ,60 ,0.0,,,,,,,
180,2020/06/30,16.3,10.9,7.8,99 ,77 ,46 ,1.78,,,,,,,
181,2020/07/01,12.2,9.0,5.6,96 ,81 ,67 ,0.0,,,,,,,
182,2020/07/02,18.2,9.3,4.2,94 ,77 ,47 ,0.0,,,,,,,
183,2020/07/03,19.5,9.7,2.1,99 ,69 ,47 ,0.51,,,,,,,
184,2020/07/04,18.4,10.4,3.9,90 ,75 ,52 ,0.51,,,,,,,
185,2020/07/05,17.6,8.9,4.4,83 ,67 ,37 ,0.51,,,,,,,
186,2020/07/06,13.7,7.8,0.9,85 ,60 ,43 ,0.51,,,,,,,
187,2020/07/07,10.0,7.3,3.8,91 ,77 ,67 ,0.51,,,,,,,
188,2020/07/08,15.9,5.4,2.1,94 ,66 ,0 ,0.51,,,,,,,
189,2020/07/09,17.0,7.3,2.0,99 ,66 ,46 ,0.51,,,,,,,
190,2020/07/10,19.5,11.3,0.0,91 ,74 ,0 ,0.51,,,,,,,
191,2020/07/11,20.0,9.8,1.9,85 ,54 ,17 ,0.51,,,,,,,
192,2020/07/12,19.5,9.8,3.5,68 ,46 ,26 ,0.51,,,,,,,
193,2020/07/13,16.5,7.1,1.0,82 ,58 ,34 ,0.51,,,,,,,
194,2020/07/14,16.6,7.9,0.1,80 ,55 ,39 ,0.51,,,,,,,
195,2020/07/15,16.3,8.8,2.5,95 ,62 ,38 ,0.51,,,,,,,
196,2020/07/16,23.3,16.7,9.8,70 ,44 ,24 ,0.51,,,,,,,
197,2020/07/17,17.0,9.9,4.0,99 ,89 ,70 ,0.51,,,,,,,
198,2020/07/18,17.9,13.5,10.8,99 ,99 ,99 ,0.51,,,,,,,
199,2020/07/19,15.2,13.7,12.2,99 ,99 ,99 ,0.51,,,,,,,
200,2020/07/20,14.5,11.8,10.1,99 ,99 ,98 ,0.51,,,,,,,
201,2020/07/21,14.8,12.5,11.0,99 ,99 ,97 ,0.51,,,,,,,
202,2020/07/22,15.5,12.4,10.3,99 ,89 ,74 ,0.51,,,,,,,
203,2020/07/23,11.1,7.9,5.0,86 ,83 ,68 ,0.51,,,,,,,
204,2020/07/24,19.4,6.4,2.6,95 ,63 ,29 ,0.0,,,,,,,
205,2020/07/25,19.0,9.1,0.3,89 ,50 ,24 ,0.0,,,,,,,
206,2020/07/26,19.3,11.4,3.6,87 ,54 ,32 ,0.25,,,,,,,
207,2020/07/27,19.3,10.9,4.2,78 ,49 ,28 ,0.25,,,,,,,
208,2020/07/28,18.5,8.3,0.5,66 ,46 ,21 ,0.0,,,,,,,
209,2020/07/29,16.7,7.3,1.5,67 ,46 ,26 ,0.0,,,,,,,
210,2020/07/30,16.3,7.9,1.6,78 ,53 ,37 ,0.0,,,,,,,
211,2020/07/31,22.9,10.8,0.8,92 ,55 ,26 ,0.0,,,,,,,
212,2020/08/01,25.9,15.2,0.0,88 ,70 ,0 ,0.0,,,,,,,
213,2020/08/02,26.5,18.4,11.8,99 ,79 ,60 ,0.0,,,,,,,
214,2020/08/03,30.6,21.0,13.3,94 ,73 ,48 ,0.0,,,,,,,
215,2020/08/04,30.4,22.7,15.2,75 ,62 ,53 ,0.0,,,,,,,
216,2020/08/05,34.8,24.2,15.7,80 ,63 ,52 ,0.0,,,,,,,
217,2020/08/06,17.8,15.2,10.8,74 ,47 ,33 ,0.0,,,,,,,
218,2020/08/07,17.4,11.5,7.8,83 ,67 ,52 ,0.0,,,,,,,
219,2020/08/08,22.8,15.4,10.7,95 ,79 ,59 ,0.0,,,,,,,
220,2020/08/09,25.9,16.3,0.0,99 ,81 ,0 ,0.0,,,,,,,
221,2020/08/10,20.3,14.5,0.0,85 ,60 ,0 ,0.0,,,,,,,
222,2020/08/11,18.7,9.7,1.8,50 ,24 ,0 ,0.0,,,,,,,
223,2020/08/12,17.8,8.7,3.6,56 ,31 ,0 ,0.0,,,,,,,
224,2020/08/17,26.3,18.8,0.0,0 ,0 ,0 ,0.0,,,,,,,
225,2020/08/18,27.5,14.5,3.8,84 ,23 ,0 ,0.0,,,,,,,
226,2020/08/19,12.8,8.6,2.2,50 ,28 ,0 ,0.0,,,,,,,
227,2020/08/20,17.7,6.5,2.5,66 ,31 ,0 ,0.0,,,,,,,
228,2020/08/23,22.6,19.2,15.0,0 ,0 ,0 ,0.0,,,,,,,
229,2020/08/24,28.5,18.0,0.0,85 ,20 ,0 ,0.0,,,,,,,
230,2020/08/25,32.3,24.3,0.0,83 ,45 ,0 ,0.0,,,,,,,
231,2020/08/26,21.1,16.0,11.3,92 ,76 ,51 ,0.76,,,,,,,
232,2020/08/27,22.9,14.2,7.6,92 ,62 ,31 ,0.0,,,,,,,
233,2020/08/28,27.6,15.6,5.6,89 ,68 ,49 ,0.0,,,,,,,
234,2020/08/29,17.2,15.3,11.7,91 ,65 ,47 ,0.0,,,,,,,
235,2020/08/30,20.4,13.3,7.8,64 ,46 ,22 ,0.0,,,,,,,
236,2020/08/31,12.3,11.1,10.4,54 ,46 ,40 ,0.0,,,,,,,
237,2020/09/01,10.4,9.1,8.3,93 ,57 ,0 ,0.0,,,,,,,
238,2020/09/02,9.5,9.4,9.1,93 ,93 ,0 ,0.0,,,,,,,
239,2020/09/03,18.5,10.9,7.1,99 ,86 ,61 ,0.0,,,,,,,
240,2020/09/04,21.4,13.0,4.3,99 ,87 ,59 ,0.0,,,,,,,
241,2020/09/05,23.6,12.6,9.1,95 ,88 ,52 ,0.0,,,,,,,
242,2020/09/06,20.9,15.9,11.3,82 ,70 ,48 ,0.0,,,,,,,
243,2020/09/07,22.8,13.9,8.1,84 ,80 ,59 ,0.0,,,,,,,
244,2020/09/11,16.8,16.7,9.4,82 ,33 ,32 ,0.0,,,,,,,
245,2020/09/12,9.4,9.4,9.4,82 ,82 ,82 ,1.27,,,,,,,
246,2020/09/13,23.1,20.9,9.4,82 ,79 ,0 ,1.3,,,,,,,
247,2020/09/14,24.8,16.9,9.2,82 ,56 ,19 ,0.0,,,,,,,
248,2020/09/15,22.9,14.1,5.9,82 ,59 ,25 ,0.0,,,,,,,
249,2020/09/19,9.4,9.4,9.4,82 ,82 ,82 ,0.0,,,,,,,
250,2020/09/20,26.1,18.9,8.4,82 ,64 ,25 ,0.0,,,,,,,
251,2020/09/21,24.9,15.1,4.3,82 ,61 ,20 ,0.0,,,,,,,
252,2020/09/22,26.5,17.0,0.0,82 ,62 ,0 ,0.0,,,,,,,
253,2020/09/23,32.1,18.0,0.0,82 ,64 ,0 ,0.0,,,,,,,
254,2020/10/01,18.5,13.9,9.4,82 ,52 ,22 ,0.0,,,,,,,
255,2020/10/03,15.8,14.7,0.0,82 ,36 ,0 ,0.0,,,,,,,
256,2020/10/11,18.2,13.7,0.0,82 ,53 ,0 ,1.5,,,,,,,
257,2020/10/13,31.6,18.0,9.4,82 ,67 ,0 ,1.5,,,,,,,
258,2020/10/14,26.6,20.6,9.4,82 ,51 ,36 ,0.0,,,,,,,
259,2020/10/15,29.3,20.1,9.4,82 ,64 ,34 ,0.0,,,,,,,
260,2020/10/18,9.4,9.4,9.4,82 ,82 ,82 ,0.0,,,,,,,
261,2020/10/19,21.4,15.4,9.4,82 ,69 ,55 ,1.02,,,,,,,
262,2020/10/20,16.9,14.6,9.4,99 ,99 ,78 ,48.62,,,,,,,
263,2020/10/21,15.8,13.2,9.4,99 ,94 ,82 ,0.0,,,,,,,
264,2020/10/22,22.1,17.9,9.4,99 ,96 ,82 ,0.0,,,,,,,
265,2020/10/23,26.0,20.2,9.4,99 ,93 ,76 ,0.0,,,,,,,
266,2020/10/24,31.4,24.2,9.4,99 ,86 ,60 ,0.0,,,,,,,
267,2020/10/28,9.4,9.4,9.4,82 ,82 ,82 ,10.21,,,,,,,
268,2020/10/29,18.9,14.2,9.4,82 ,47 ,28 ,0.0,,,,,,,
269,2020/10/30,27.6,16.0,9.4,82 ,57 ,25 ,0.0,,,,,,,
270,2020/10/31,30.1,18.9,9.4,83 ,49 ,18 ,0.0,,,,,,,
271,2020/11/01,30.4,18.8,9.4,82 ,51 ,22 ,0.0,,,,,,,
272,2020/11/02,9.4,9.4,9.4,82 ,82 ,82 ,0.0,,,,,,,
273,2020/11/04,23.8,20.8,9.4,82 ,46 ,38 ,0.0,,,,,,,
274,2020/11/05,31.3,23.0,9.4,82 ,43 ,23 ,0.0,,,,,,,
275,2020/11/08,22.2,21.6,9.4,91 ,79 ,32 ,1.3,,,,,,,
276,2020/11/09,31.3,25.3,9.4,90 ,56 ,37 ,1.19,,,,,,,
277,2020/11/10,28.8,21.1,9.4,87 ,72 ,48 ,0.3,,,,,,,
278,2020/11/11,35.0,24.2,9.4,91 ,61 ,31 ,0.0,,,,,,,
279,2020/11/12,32.5,24.2,9.4,82 ,51 ,26 ,0.0,,,,,,,
280,2020/11/13,35.3,26.4,9.4,82 ,42 ,23 ,0.0,,,,,,,
281,2020/11/14,25.3,20.1,9.4,99 ,74 ,38 ,21.84,,,,,,,
282,2020/11/15,21.6,20.3,9.4,85 ,79 ,57 ,21.79,,,,,,,
283,2020/11/16,24.7,21.9,9.4,82 ,49 ,41 ,0.0,,,,,,,
284,2020/11/21,9.4,9.4,9.4,82 ,48 ,33 ,0.0,,,,,,,
285,2020/11/22,9.4,9.4,9.4,82 ,48 ,26 ,0.0,,,,,,,
286,2020/11/23,38.1,33.5,9.4,82 ,30 ,21 ,0.0,,,,,,,
287,2020/11/24,41.2,30.0,9.4,82 ,42 ,23 ,0.0,,,,,,,
288,2020/11/25,27.0,22.7,9.4,85 ,76 ,59 ,0.0,,,,,,,
289,2020/11/26,28.6,22.7,9.4,88 ,56 ,28 ,0.0,,,,,,,
290,2020/11/27,35.2,26.4,9.4,82 ,50 ,30 ,0.0,,,,,,,
291,2020/11/28,36.4,26.7,9.4,89 ,68 ,41 ,0.0,,,,,,,
292,2020/11/29,34.6,22.2,9.4,99 ,86 ,44 ,14.0,,,,,,,
293,2020/11/30,30.1,22.3,9.4,90 ,59 ,32 ,0.0,,,,,,,
294,2020/12/01,34.9,25.9,9.4,82 ,50 ,33 ,0.0,,,,,,,
295,2020/12/02,28.4,22.0,9.4,99 ,81 ,54 ,35.31,,,,,,,
296,2020/12/03,34.6,24.2,9.4,99 ,63 ,20 ,0.51,,,,,,,
297,2020/12/04,21.1,16.1,9.4,88 ,74 ,38 ,5.11,,,,,,,
298,2020/12/05,30.2,19.9,9.4,83 ,50 ,23 ,0.0,,,,,,,
299,2020/12/06,32.3,22.1,9.4,82 ,49 ,26 ,0.0,,,,,,,
300,2020/12/07,32.1,23.9,9.4,82 ,47 ,30 ,0.0,,,,,,,
301,2020/12/08,35.4,26.0,9.4,85 ,53 ,29 ,0.0,,,,,,,
302,2020/12/09,36.8,27.9,9.4,87 ,53 ,29 ,0.0,,,,,,,
303,2020/12/10,29.0,23.0,9.4,93 ,71 ,52 ,0.0,,,,,,,
304,2020/12/11,31.0,26.3,9.4,82 ,26 ,17 ,2.29,,,,,,,
305,2020/12/12,33.3,23.8,9.4,82 ,56 ,34 ,1.02,,,,,,,
306,2020/12/13,21.6,19.2,9.4,86 ,77 ,26 ,0.0,,,,,,,
307,2020/12/14,9.4,9.4,9.4,87 ,52 ,21 ,0.0,,,,,,,
308,2020/12/15,9.4,9.4,9.4,82 ,60 ,33 ,0.0,,,,,,,
309,2020/12/16,9.4,9.4,9.4,82 ,56 ,24 ,0.0,,,,,,,
310,2020/12/17,35.5,19.4,9.4,82 ,51 ,24 ,0.0,,,,,,,
311,2020/12/18,36.8,34.1,9.4,88 ,42 ,32 ,14.22,,,,,,,
312,2020/12/19,28.7,24.7,9.4,87 ,47 ,34 ,3.3,,,,,,,
313,2020/12/20,30.5,22.7,9.4,86 ,54 ,29 ,0.0,,,,,,,
314,2020/12/21,32.7,24.1,9.4,82 ,49 ,28 ,0.0,,,,,,,
315,2020/12/22,30.8,22.7,9.4,88 ,59 ,31 ,0.0,,,,,,,
316,2020/12/23,34.1,26.1,9.4,82 ,45 ,23 ,0.0,,,,,,,
317,2020/12/24,35.9,27.7,9.4,82 ,48 ,30 ,0.0,,,,,,,
318,2020/12/25,38.1,26.2,9.4,91 ,65 ,34 ,3.3,,,,,,,
319,2020/12/26,38.2,29.0,9.4,87 ,57 ,30 ,0.0,,,,,,,
320,2020/12/27,36.3,28.6,9.4,86 ,59 ,37 ,0.0,,,,,,,
321,2020/12/28,32.5,24.1,9.4,99 ,82 ,55 ,19.3,,,,,,,
322,2020/12/29,37.3,26.9,9.4,99 ,71 ,41 ,0.0,,,,,,,
323,2020/12/30,27.1,21.2,9.4,93 ,69 ,35 ,7.62,,,,,,,
324,2020/12/31,31.9,22.1,9.4,83 ,49 ,24 ,0.0,,,,,,,
325,2021/01/01,33.9,25.2,9.4,89 ,51 ,28 ,0.0,,,,,,,
326,2021/01/02,36.2,28.3,9.4,82 ,42 ,25 ,0.0,,,,,,,
327,2021/01/03,30.0,23.9,9.4,82 ,62 ,43 ,0.0,,,,,,,
328,2021/01/04,35.1,26.2,9.4,83 ,58 ,30 ,0.0,,,,,,,
329,2021/01/05,28.4,22.5,9.4,96 ,73 ,48 ,1.02,,,,,,,
330,2021/01/06,29.3,22.3,9.4,94 ,61 ,25 ,0.0,,,,,,,
331,2021/01/07,9.4,9.4,9.4,82 ,47 ,15 ,0.0,,,,,,,
332,2021/01/08,9.4,9.4,9.4,88 ,51 ,23 ,3.81,,,,,,,
333,2021/01/09,9.4,9.4,9.4,90 ,71 ,40 ,4.83,,,,,,,
334,2021/01/10,,,,99 ,76 ,43 ,,,,,,,,
335,2021/01/11,9.4,9.4,9.4,99 ,85 ,78 ,29.79,,,,,,,
336,2021/01/12,9.4,9.4,9.4,82 ,82 ,82 ,0.0,,,,,,,
337,2021/01/13,9.4,9.4,9.4,82 ,82 ,82 ,0.0,,,,,,,
338,2021/01/14,9.4,9.4,9.4,82 ,82 ,82 ,0.25,,,,,,,
339,2021/01/15,18.4,11.2,9.4,99 ,79 ,57 ,35.41,,,,,,,
340,2021/01/16,25.9,21.9,9.4,99 ,77 ,53 ,2.64,,,,,,,
341,2021/01/17,29.9,21.6,9.4,84 ,56 ,32 ,0.0,,,,,,,
342,2021/01/18,34.4,23.4,9.4,88 ,56 ,27 ,0.0,,,,,,,
343,2021/01/19,34.8,24.6,9.4,87 ,55 ,29 ,0.0,,,,,,,
344,2021/01/20,35.7,26.0,9.4,85 ,54 ,28 ,0.0,,,,,,,
345,2021/01/21,36.4,26.4,9.4,83 ,56 ,30 ,0.0,,,,,,,
346,2021/01/22,35.3,27.8,9.4,82 ,63 ,47 ,0.0,,,,,,,
347,2021/01/23,36.9,29.4,9.4,87 ,64 ,42 ,0.0,,,,,,,
348,2021/01/24,38.5,29.3,9.4,89 ,67 ,36 ,0.0,,,,,,,
349,2021/01/25,37.6,27.6,9.4,99 ,76 ,45 ,22.07,,,,,,,
350,2021/01/26,33.0,25.5,9.4,99 ,85 ,62 ,4.32,,,,,,,
351,2021/01/27,37.1,25.3,9.4,95 ,83 ,49 ,0.0,,,,,,,
352,2021/01/28,,,,99 ,75 ,54 ,,,,,,,,
353,2021/01/29,23.7,22.0,9.4,99 ,89 ,72 ,43.99,,,,,,,
354,2021/01/30,25.5,20.8,9.4,99 ,93 ,76 ,35.0,,,,,,,
355,2021/01/31,19.4,17.6,9.4,99 ,93 ,82 ,5.13,,,,,,,
356,2021/02/01,25.4,19.8,9.4,99 ,89 ,70 ,1.52,,,,,,,
357,2021/02/02,25.5,20.1,9.4,99 ,88 ,66 ,0.25,,,,,,,
358,2021/02/03,29.3,22.5,9.4,99 ,78 ,50 ,0.25,,,,,,,
359,2021/02/04,32.5,23.0,9.4,95 ,69 ,39 ,0.0,,,,,,,
360,2021/02/05,33.8,24.1,9.4,99 ,67 ,34 ,0.0,,,,,,,
361,2021/02/06,33.8,24.5,9.4,91 ,63 ,35 ,0.0,,,,,,,
362,2021/02/07,33.9,25.4,9.4,91 ,65 ,41 ,0.0,,,,,,,
363,2021/02/08,28.5,22.0,9.4,89 ,78 ,61 ,0.0,,,,,,,
364,2021/02/09,27.4,21.3,9.4,93 ,82 ,59 ,0.0,,,,,,,
365,2021/02/10,31.4,23.1,9.4,91 ,71 ,42 ,0.0,,,,,,,
366,2021/02/11,35.0,23.9,9.4,96 ,69 ,36 ,0.0,,,,,,,
367,2021/02/12,35.7,24.2,9.4,92 ,76 ,41 ,12.95,,,,,,,
368,2021/02/13,33.5,24.7,9.4,99 ,74 ,42 ,14.48,,,,,,,
369,2021/02/14,36.1,25.1,9.4,99 ,75 ,38 ,0.3,,,,,,,
370,2021/02/15,31.1,23.7,9.4,98 ,82 ,60 ,0.0,,,,,,,
371,2021/02/16,30.8,21.2,9.4,99 ,83 ,45 ,0.0,,,,,,,
372,2021/02/17,,,,96 ,61 ,25 ,,,,,,,,
373,2021/02/18,33.9,27.6,9.4,96 ,48 ,26 ,0.0,,,,,,,
374,2021/02/19,31.2,23.6,9.4,99 ,70 ,44 ,16.0,,,,,,,
375,2021/02/20,31.2,23.3,9.4,94 ,71 ,50 ,0.0,,,,,,,
376,2021/02/21,32.0,25.6,9.4,86 ,73 ,51 ,0.0,,,,,,,
377,2021/02/22,37.8,27.4,9.4,99 ,76 ,45 ,0.0,,,,,,,
378,2021/02/23,26.2,21.4,9.4,99 ,89 ,75 ,24.38,,,,,,,
379,2021/02/24,34.9,24.4,9.4,98 ,69 ,33 ,0.0,,,,,,,
380,2021/02/25,33.7,25.4,9.4,99 ,70 ,46 ,0.0,,,,,,,
381,2021/02/26,33.5,25.7,9.4,97 ,66 ,40 ,0.0,,,,,,,
382,2021/02/27,36.2,25.8,9.4,89 ,65 ,40 ,0.0,,,,,,,
383,2021/02/28,,,,94 ,74 ,53 ,,,,,,,,
384,2021/03/01,,,,96 ,78 ,55 ,,,,,,,,
385,2021/03/02,,,,91 ,70 ,36 ,,,,,,,,
386,2021/03/03,9.4,9.4,9.4,89 ,78 ,45 ,0.0,,,,,,,
387,2021/03/04,23.4,20.6,9.4,98 ,83 ,50 ,0.0,,,,,,,
388,2021/03/05,32.9,24.7,19.7,99 ,79 ,45 ,0.0,,,,,,,
389,2021/03/06,34.3,25.4,18.5,89 ,71 ,46 ,0.0,,,,,,,
390,2021/03/07,32.2,24.3,16.7,84 ,68 ,49 ,0.0,,,,,,,
391,2021/03/08,34.2,24.4,18.0,89 ,68 ,38 ,0.0,,,,,,,
392,2021/03/09,35.6,25.7,16.9,90 ,64 ,37 ,0.0,,,,,,,
393,2021/03/10,34.3,25.5,9.4,95 ,61 ,33 ,0.0,,,,,,,
394,2021/03/11,35.4,24.5,18.0,93 ,67 ,36 ,0.0,,,,,,,
395,2021/03/12,24.1,20.2,9.4,99 ,90 ,76 ,5.11,,,,,,,
396,2021/03/13,33.0,23.1,17.1,99 ,81 ,46 ,2.06,,,,,,,
397,2021/03/14,28.6,23.3,20.9,99 ,84 ,68 ,3.56,,,,,,,
398,2021/03/15,23.8,20.5,17.3,99 ,93 ,82 ,1.52,,,,,,,
399,2021/03/16,29.7,23.1,17.2,99 ,73 ,57 ,29.31,,,,,,,
400,2021/03/17,21.9,18.1,0.3,99 ,87 ,0 ,0.0,,,,,,,
401,2021/03/18,23.4,16.9,12.1,96 ,80 ,55 ,0.0,,,,,,,
402,2021/03/19,24.8,18.0,11.5,91 ,75 ,54 ,0.0,,,,,,,
403,2021/03/20,23.9,19.8,15.4,95 ,81 ,66 ,0.0,,,,,,,
404,2021/03/22,31.1,24.3,16.9,99 ,63 ,38 ,0.0,,,,,,,
405,2021/03/23,29.5,20.5,13.3,99 ,80 ,40 ,0.0,,,,,,,
406,2021/03/24,28.8,22.8,17.5,99 ,85 ,70 ,0.0,,,,,,,
407,2021/03/25,28.6,22.4,20.2,99 ,96 ,73 ,51.31,,,,,,,
408,2021/03/26,21.2,18.6,15.5,99 ,97 ,88 ,0.51,,,,,,,
409,2021/03/27,25.0,17.0,11.0,99 ,76 ,46 ,0.0,,,,,,,
410,2021/03/28,26.0,18.8,10.0,98 ,74 ,55 ,0.0,,,,,,,
411,2021/03/29,24.5,24.4,0.0,93 ,58 ,0 ,0.0,,,,,,,
412,2021/03/30,,,,95 ,77 ,41 ,,,,,,,,
413,2021/03/31,,,,99 ,77 ,43 ,,,,,,,,
414,2021/04/01,,,,84 ,71 ,46 ,,,,,,,,
415,2021/04/02,,,,79 ,61 ,44 ,,,,,,,,
416,2021/04/03,,,,87 ,66 ,43 ,,,,,,,,
417,2021/04/04,26.2,22.8,21.4,87 ,68 ,47 ,0.0,,,,,,,
418,2021/04/05,28.7,21.3,17.3,99 ,83 ,63 ,0.0,,,,,,,
419,2021/04/06,28.3,21.0,15.0,99 ,88 ,64 ,0.0,,,,,,,
420,2021/04/07,28.6,23.0,17.2,99 ,88 ,70 ,0.0,,,,,,,
421,2021/04/08,32.9,26.1,21.2,99 ,84 ,64 ,0.0,,,,,,,
422,2021/04/09,25.4,20.8,19.3,99 ,99 ,91 ,22.05,,,,,,,
423,2021/04/10,22.7,19.2,14.6,99 ,98 ,88 ,14.99,,,,,,,
424,2021/04/11,24.9,16.8,11.2,99 ,76 ,43 ,1.52,,,,,,,
425,2021/04/12,26.0,17.0,9.3,99 ,77 ,40 ,0.0,,,,,,,
426,2021/04/13,26.7,18.3,11.2,99 ,79 ,49 ,0.0,,,,,,,
427,2021/04/14,27.2,22.7,17.6,85 ,66 ,52 ,0.0,,,,,,,
428,2021/04/15,35.1,21.8,9.4,99 ,78 ,41 ,0.0,,,,,,,
429,2021/04/16,32.0,23.5,16.5,99 ,82 ,52 ,0.0,,,,,,,
430,2021/04/17,31.4,23.3,17.4,99 ,82 ,52 ,0.0,,,,,,,
431,2021/04/18,30.0,22.6,16.8,99 ,80 ,52 ,0.0,,,,,,,
432,2021/04/19,29.8,26.1,18.1,94 ,68 ,53 ,0.0,,,,,,,
433,2021/04/20,29.9,22.9,16.9,99 ,76 ,54 ,0.0,,,,,,,
434,2021/04/21,24.7,19.0,15.8,99 ,93 ,76 ,15.75,,,,,,,
435,2021/04/22,15.8,15.8,15.8,99 ,99 ,99 ,0.0,,,,,,,
436,2021/04/23,15.8,15.8,15.8,99 ,99 ,99 ,0.0,,,,,,,
437,2021/04/24,25.9,18.4,14.3,99 ,83 ,58 ,0.0,,,,,,,
438,2021/04/25,26.1,16.4,8.3,95 ,64 ,35 ,0.0,,,,,,,
439,2021/04/26,26.1,16.1,8.4,99 ,73 ,45 ,0.0,,,,,,,
440,2021/04/27,25.4,17.2,12.3,88 ,72 ,45 ,0.0,,,,,,,
441,2021/04/29,,,,99 ,84 ,47 ,,,,,,,,
442,2021/04/30,,,,71 ,56 ,47 ,,,,,,,,
443,2021/05/01,25.8,21.5,18.9,84 ,63 ,43 ,0.0,,,,,,,
444,2021/05/02,31.0,21.8,14.0,99 ,77 ,50 ,0.0,,,,,,,
445,2021/05/03,32.2,24.2,19.6,98 ,77 ,58 ,0.0,,,,,,,
446,2021/05/04,19.6,14.1,9.3,79 ,59 ,46 ,1.02,,,,,,,
447,2021/05/05,14.3,9.8,7.8,99 ,91 ,69 ,3.05,,,,,,,
448,2021/05/06,24.0,13.0,5.5,99 ,73 ,31 ,0.0,,,,,,,
449,2021/05/07,18.3,10.7,5.6,99 ,80 ,45 ,0.0,,,,,,,
450,2021/05/08,20.5,12.0,5.0,99 ,79 ,48 ,0.0,,,,,,,
451,2021/05/09,23.9,13.9,5.4,99 ,77 ,47 ,0.0,,,,,,,
452,2021/05/20,15.9,14.9,14.1,99 ,93 ,84 ,0.51,,,,,,,
453,2021/05/21,15.4,15.4,15.4,99 ,99 ,87 ,0.0,,,,,,,
454,2021/05/22,,,,94 ,65 ,34 ,,,,,,,,
455,2021/05/23,,,,82 ,62 ,31 ,,,,,,,,
456,2021/05/24,,,,84 ,58 ,27 ,,,,,,,,
457,2021/05/25,24.3,17.2,8.7,85 ,52 ,31 ,0.0,,,,,,,
458,2021/05/26,25.8,14.3,5.2,99 ,70 ,37 ,0.0,,,,,,,
459,2021/05/27,25.7,15.3,5.1,99 ,74 ,40 ,0.0,,,,,,,
460,2021/05/28,24.3,17.1,11.2,89 ,67 ,42 ,0.0,,,,,,,
461,2021/05/29,20.8,12.5,9.4,71 ,47 ,22 ,0.0,,,,,,,
462,2021/05/30,21.1,11.4,3.1,87 ,62 ,26 ,0.0,,,,,,,
463,2021/05/31,26.9,13.4,3.7,83 ,63 ,30 ,0.0,,,,,,,
464,2021/06/01,27.8,15.3,8.6,80 ,61 ,28 ,0.0,,,,,,,
465,2021/06/02,29.2,15.5,9.1,92 ,71 ,34 ,0.0,,,,,,,
466,2021/06/03,24.7,15.8,7.6,99 ,71 ,35 ,0.0,,,,,,,
467,2021/06/04,30.5,19.7,12.9,99 ,79 ,53 ,0.0,,,,,,,
468,2021/06/05,17.9,17.9,17.9,70 ,70 ,70 ,0.0,,,,,,,
469,2021/06/08,17.9,16.7,12.4,99 ,78 ,70 ,0.0,,,,,,,
470,2021/06/09,20.4,16.1,12.4,99 ,98 ,90 ,0.0,,,,,,,
471,2021/06/10,21.7,15.6,11.1,99 ,90 ,68 ,0.0,,,,,,,
472,2021/06/11,22.6,12.2,3.3,99 ,68 ,37 ,0.0,,,,,,,
473,2021/06/12,24.4,15.5,9.1,99 ,84 ,57 ,0.0,,,,,,,
474,2021/06/13,24.2,15.9,9.6,99 ,80 ,51 ,0.0,,,,,,,
475,2021/06/14,16.6,12.0,7.9,99 ,86 ,65 ,0.0,,,,,,,
476,2021/06/15,12.0,9.3,7.7,78 ,70 ,59 ,0.0,,,,,,,
477,2021/06/16,7.8,4.9,2.2,99 ,93 ,69 ,12.95,,,,,,,
478,2021/06/17,12.0,6.7,4.4,99 ,90 ,66 ,0.0,,,,,,,
479,2021/06/18,11.7,8.3,5.8,94 ,85 ,68 ,0.0,,,,,,,
480,2021/06/19,17.0,8.9,2.5,99 ,80 ,47 ,0.0,,,,,,,
481,2021/06/20,16.2,8.1,0.9,99 ,88 ,55 ,0.0,,,,,,,
482,2021/06/21,18.6,11.8,8.6,99 ,92 ,71 ,0.0,,,,,,,
483,2021/06/22,18.5,12.3,9.8,99 ,93 ,72 ,0.0,,,,,,,
484,2021/06/23,19.6,13.3,10.2,99 ,94 ,72 ,0.0,,,,,,,
485,2021/06/24,21.4,12.7,6.9,99 ,85 ,52 ,0.0,,,,,,,
486,2021/06/25,19.0,11.1,3.6,99 ,89 ,66 ,0.25,,,,,,,
487,2021/06/26,15.1,9.8,5.0,99 ,79 ,45 ,0.0,,,,,,,
488,2021/06/27,13.0,4.8,4.7,78 ,69 ,35 ,0.0,,,,,,,
489,2021/06/28,13.6,8.0,0.4,87 ,62 ,43 ,0.0,,,,,,,
490,2021/06/29,19.7,6.2,2.7,95 ,64 ,21 ,0.0,,,,,,,
491,2021/06/30,14.7,5.3,0.3,99 ,76 ,41 ,0.0,,,,,,,
492,2021/07/01,17.7,9.4,1.7,95 ,67 ,37 ,0.0,,,,,,,
493,2021/07/02,20.0,9.8,1.5,99 ,66 ,32 ,0.0,,,,,,,
494,2021/07/03,19.3,9.0,0.2,94 ,64 ,35 ,0.0,,,,,,,
495,2021/07/04,20.5,11.2,4.4,88 ,71 ,49 ,0.0,,,,,,,
496,2021/07/05,22.7,12.2,3.9,99 ,76 ,42 ,0.0,,,,,,,
497,2021/07/06,22.3,14.0,6.3,99 ,82 ,65 ,0.0,,,,,,,
498,2021/07/07,21.6,15.2,11.7,99 ,90 ,71 ,1.27,,,,,,,
499,2021/07/08,22.9,14.2,9.4,99 ,93 ,71 ,0.0,,,,,,,
500,2021/07/09,26.6,18.6,11.3,99 ,77 ,48 ,0.0,,,,,,,
501,2021/07/10,18.2,13.0,4.8,99 ,64 ,28 ,1.52,,,,,,,
502,2021/07/11,19.1,11.1,4.1,82 ,60 ,34 ,0.0,,,,,,,
503,2021/07/12,27.6,17.0,11.0,80 ,68 ,50 ,0.0,,,,,,,
504,2021/07/13,20.2,14.1,9.2,78 ,63 ,45 ,1.02,,,,,,,
505,2021/07/14,12.7,10.1,6.9,99 ,96 ,68 ,12.7,,,,,,,
506,2021/07/15,21.3,9.3,1.4,99 ,79 ,36 ,0.0,,,,,,,
507,2021/07/16,18.7,9.5,0.0,99 ,82 ,51 ,0.0,,,,,,,
508,2021/07/17,15.7,9.7,4.9,83 ,50 ,24 ,0.0,,,,,,,
509,2021/07/18,17.0,7.2,1.0,73 ,49 ,26 ,0.0,,,,,,,
510,2021/07/19,18.3,8.0,0.5,85 ,60 ,27 ,0.0,,,,,,,
511,2021/07/20,21.7,10.9,2.6,79 ,50 ,26 ,0.0,,,,,,,
512,2021/07/21,22.9,11.4,4.5,74 ,53 ,27 ,0.0,,,,,,,
513,2021/07/22,16.0,15.5,14.6,79 ,54 ,29 ,0.0,,,,,,,
514,2021/07/23,14.6,9.7,9.4,73 ,72 ,57 ,0.0,,,,,,,
515,2021/07/24,21.9,11.9,9.4,77 ,72 ,54 ,0.0,,,,,,,
516,2021/07/25,18.8,12.1,7.3,85 ,71 ,55 ,0.0,,,,,,,
517,2021/07/26,19.6,10.6,3.8,80 ,57 ,36 ,0.0,,,,,,,
518,2021/07/27,17.9,7.7,2.1,74 ,46 ,22 ,0.0,,,,,,,
519,2021/07/28,13.9,6.4,0.6,79 ,52 ,32 ,0.0,,,,,,,
520,2021/07/29,17.6,7.4,2.4,82 ,53 ,25 ,0.0,,,,,,,
521,2021/07/30,18.2,8.9,1.4,85 ,52 ,26 ,0.0,,,,,,,
522,2021/07/31,23.9,11.6,2.5,83 ,51 ,19 ,0.0,,,,,,,
523,2021/08/01,24.6,11.1,2.4,76 ,54 ,22 ,0.0,,,,,,,
524,2021/08/02,20.4,10.9,2.4,98 ,62 ,36 ,0.0,,,,,,,
525,2021/08/03,21.9,14.4,3.7,92 ,54 ,34 ,0.0,,,,,,,
526,2021/08/04,23.2,18.7,8.8,78 ,42 ,27 ,0.0,,,,,,,
527,2021/08/05,23.0,14.1,4.8,83 ,65 ,41 ,0.0,,,,,,,
528,2021/08/06,25.9,16.1,6.2,99 ,74 ,41 ,0.0,,,,,,,
529,2021/08/07,31.5,18.7,9.1,99 ,64 ,31 ,0.0,,,,,,,
530,2021/08/08,16.1,11.9,6.8,99 ,71 ,56 ,5.84,,,,,,,
531,2021/08/09,14.8,8.6,4.6,99 ,75 ,39 ,0.76,,,,,,,
532,2021/08/10,19.5,8.1,1.5,86 ,60 ,31 ,0.0,,,,,,,
533,2021/08/11,21.8,9.7,1.6,98 ,63 ,26 ,0.0,,,,,,,
534,2021/08/12,18.8,9.0,1.6,84 ,60 ,30 ,0.0,,,,,,,
535,2021/08/13,20.7,9.1,0.2,80 ,61 ,32 ,0.0,,,,,,,
536,2021/08/14,24.9,11.2,0.7,84 ,59 ,27 ,0.0,,,,,,,
537,2021/08/15,22.7,11.9,3.4,85 ,58 ,32 ,0.0,,,,,,,
538,2021/08/16,25.5,16.4,6.9,99 ,66 ,47 ,0.0,,,,,,,
539,2021/08/17,31.7,19.3,10.3,99 ,70 ,36 ,0.0,,,,,,,
540,2021/08/19,35.2,29.5,20.9,78 ,69 ,32 ,0.0,,,,,,,
541,2021/08/26,23.6,18.5,0.0,68 ,32 ,0 ,0.0,,,,,,,
542,2021/08/27,24.4,13.2,4.6,75 ,48 ,22 ,0.0,,,,,,,
543,2021/08/28,28.0,16.5,7.9,79 ,54 ,28 ,0.0,,,,,,,
544,2021/08/29,27.8,18.1,7.7,76 ,55 ,33 ,0.0,,,,,,,
545,2021/08/30,30.6,21.1,9.9,99 ,64 ,49 ,0.0,,,,,,,
546,2021/08/31,32.9,25.1,18.1,77 ,60 ,41 ,0.0,,,,,,,
547,2021/09/01,32.2,24.0,18.8,99 ,68 ,42 ,0.25,,,,,,,
548,2021/09/02,18.8,16.4,14.4,99 ,99 ,99 ,1.5,,,,,,,
549,2021/09/03,19.1,15.1,13.4,99 ,99 ,95 ,0.0,,,,,,,
550,2021/09/04,26.7,18.0,14.8,99 ,93 ,73 ,0.0,,,,,,,
551,2021/09/05,17.0,15.3,0.0,97 ,88 ,0 ,0.0,,,,,,,
552,2021/09/06,26.0,21.4,15.0,99 ,77 ,63 ,0.0,,,,,,,
553,2021/09/07,19.9,16.8,14.1,99 ,95 ,89 ,0.0,,,,,,,
554,2021/09/08,18.4,14.6,11.6,98 ,72 ,57 ,14.48,,,,,,,
555,2021/09/09,14.1,11.6,10.2,88 ,78 ,47 ,1.02,,,,,,,
556,2021/09/10,,,,99 ,81 ,36 ,,,,,,,,
557,2021/09/11,21.1,18.7,17.1,99 ,65 ,39 ,0.0,,,,,,,
558,2021/09/12,35.1,22.7,12.1,87 ,54 ,16 ,0.0,,,,,,,
559,2021/09/13,21.0,15.5,12.9,78 ,61 ,51 ,3.78,,,,,,,
560,2021/09/14,23.3,14.3,6.0,69 ,44 ,18 ,0.0,,,,,,,
561,2021/09/15,24.5,14.1,2.2,81 ,44 ,19 ,0.0,,,,,,,
562,2021/09/16,26.7,16.9,5.9,78 ,44 ,18 ,0.0,,,,,,,
563,2021/09/17,29.5,18.8,7.6,85 ,47 ,17 ,0.0,,,,,,,
564,2021/09/18,29.6,20.6,10.6,87 ,65 ,47 ,0.0,,,,,,,
565,2021/09/19,29.3,20.7,12.8,99 ,81 ,59 ,0.0,,,,,,,
566,2021/09/20,21.4,17.8,13.6,99 ,84 ,67 ,0.51,,,,,,,
567,2021/09/21,22.8,15.3,10.3,90 ,57 ,23 ,0.0,,,,,,,
568,2021/09/22,22.2,15.4,11.3,83 ,56 ,37 ,0.0,,,,,,,
569,2021/09/23,25.7,15.2,6.1,99 ,69 ,30 ,0.0,,,,,,,
570,2021/09/24,28.4,17.6,6.8,87 ,61 ,34 ,0.0,,,,,,,
571,2021/09/25,27.7,19.4,10.0,96 ,63 ,38 ,0.0,,,,,,,
572,2021/09/26,35.1,21.7,11.3,99 ,56 ,24 ,0.0,,,,,,,
573,2021/09/28,16.9,15.6,14.5,90 ,86 ,71 ,0.0,,,,,,,
574,2021/09/29,26.9,19.1,12.8,99 ,78 ,44 ,0.0,,,,,,,
575,2021/09/30,30.9,20.7,13.1,99 ,76 ,49 ,3.3,,,,,,,
576,2021/10/01,28.4,19.1,9.5,79 ,47 ,20 ,0.0,,,,,,,
577,2021/10/02,32.5,19.9,13.2,77 ,51 ,34 ,3.56,,,,,,,
578,2021/10/03,24.1,15.2,9.4,59 ,37 ,19 ,0.0,,,,,,,
579,2021/10/04,28.7,16.3,4.2,70 ,39 ,15 ,0.0,,,,,,,
580,2021/10/05,27.1,18.3,7.2,80 ,46 ,27 ,0.0,,,,,,,
581,2021/10/06,21.8,15.2,9.2,74 ,53 ,33 ,2.29,,,,,,,
582,2021/10/07,24.5,16.2,7.6,65 ,46 ,29 ,0.0,,,,,,,
583,2021/10/08,25.4,18.3,13.5,58 ,45 ,30 ,0.0,,,,,,,
584,2021/10/09,28.1,19.5,9.4,80 ,51 ,27 ,0.0,,,,,,,
585,2021/10/10,24.2,18.1,13.5,99 ,88 ,66 ,4.57,,,,,,,
586,2021/10/11,31.2,20.5,11.8,99 ,72 ,36 ,0.0,,,,,,,
587,2021/10/12,31.8,22.8,13.1,92 ,59 ,34 ,0.0,,,,,,,
588,2021/10/13,27.2,19.7,14.5,99 ,85 ,61 ,36.58,,,,,,,
589,2021/10/14,28.1,15.5,9.3,99 ,86 ,44 ,28.96,,,,,,,
590,2021/10/15,25.1,16.0,9.3,99 ,49 ,17 ,0.3,,,,,,,
591,2021/10/16,24.9,16.4,8.9,69 ,50 ,31 ,0.0,,,,,,,
592,2021/10/17,28.6,17.1,0.0,83 ,51 ,0 ,0.0,,,,,,,
593,2021/10/18,30.8,20.6,11.1,78 ,48 ,22 ,0.0,,,,,,,
594,2021/10/19,32.3,21.9,14.5,71 ,43 ,17 ,0.0,,,,,,,
595,2021/10/20,31.3,22.6,11.7,85 ,45 ,20 ,0.0,,,,,,,
596,2021/10/21,31.2,23.5,12.4,88 ,46 ,25 ,0.0,,,,,,,
597,2021/10/22,31.7,22.6,13.5,99 ,57 ,29 ,1.02,,,,,,,
598,2021/10/23,26.2,18.5,12.8,99 ,77 ,43 ,6.1,,,,,,,
599,2021/10/24,33.0,20.7,8.7,87 ,46 ,15 ,0.0,,,,,,,
600,2021/10/25,41.4,26.0,13.3,78 ,38 ,9 ,0.0,,,,,,,
601,2021/10/26,40.6,28.2,15.8,71 ,37 ,10 ,0.0,,,,,,,
602,2021/10/27,36.1,26.8,14.4,90 ,46 ,18 ,0.0,,,,,,,
603,2021/10/29,38.5,32.0,0.0,43 ,32 ,0 ,0.0,,,,,,,
604,2021/10/30,40.3,30.0,18.6,66 ,45 ,24 ,0.0,,,,,,,
605,2021/10/31,28.4,19.7,13.9,84 ,70 ,52 ,0.25,,,,,,,
606,2021/11/01,20.3,14.9,12.2,99 ,98 ,82 ,13.46,,,,,,,
607,2021/11/02,24.8,17.7,13.7,99 ,93 ,72 ,0.0,,,,,,,
608,2021/11/03,27.4,16.0,12.4,99 ,90 ,44 ,0.0,,,,,,,
609,2021/11/04,27.3,12.3,12.3,99 ,94 ,57 ,0.0,,,,,,,
610,2021/11/05,17.9,13.7,12.3,99 ,82 ,49 ,0.0,,,,,,,
611,2021/11/06,26.3,17.3,11.1,76 ,60 ,37 ,0.0,,,,,,,
612,2021/11/07,33.4,22.3,12.9,81 ,60 ,33 ,0.0,,,,,,,
613,2021/11/08,34.0,24.0,15.8,99 ,68 ,37 ,0.0,,,,,,,
614,2021/11/09,29.0,20.0,16.1,99 ,83 ,42 ,10.92,,,,,,,
615,2021/11/10,32.0,22.1,0.0,99 ,74 ,0 ,0.0,,,,,,,
616,2021/11/11,33.0,24.3,16.1,96 ,61 ,28 ,0.0,,,,,,,
617,2021/11/13,17.7,17.3,0.0,99 ,99 ,0 ,3.05,,,,,,,
618,2021/11/14,32.8,22.7,14.9,99 ,61 ,20 ,0.0,,,,,,,
619,2021/11/15,30.9,23.4,16.1,80 ,66 ,51 ,0.0,,,,,,,
620,2021/11/16,22.0,17.5,13.9,82 ,61 ,47 ,8.89,,,,,,,
621,2021/11/17,28.6,18.5,9.3,79 ,48 ,20 ,0.0,,,,,,,
622,2021/11/18,34.0,21.2,9.7,80 ,48 ,22 ,0.0,,,,,,,
623,2021/11/19,36.2,25.3,13.1,78 ,41 ,16 ,0.0,13.1,20.3,27.1,370.0,0.0,8.1,31.968
624,2021/11/20,35.4,26.1,15.0,86 ,47 ,21 ,0.0,15.2,22.1,28.8,369.0,0.0,8.3,31.8816
625,2021/11/21,37.3,27.3,16.0,91 ,48 ,24 ,0.0,17.6,23.6,30.1,370.0,0.0,9.0,31.968
626,2021/11/22,43.0,30.0,18.4,82 ,45 ,17 ,0.0,18.9,24.9,31.6,361.0,0.0,8.6,31.1904
627,2021/11/23,33.7,25.8,20.2,62 ,42 ,23 ,0.0,17.6,22.4,30.1,281.0,6.4,6.3,24.2784
628,2021/11/24,36.1,26.1,18.8,76 ,53 ,34 ,0.0,11.7,15.9,21.7,216.0,2.2,6.5,18.6624
629,2021/11/25,32.9,27.0,0.0,99 ,56 ,0 ,21.34,11.3,16.0,21.0,231.0,1.8,6.8,19.9584
630,2021/11/26,37.8,26.1,15.2,99 ,58 ,23 ,0.0,13.2,18.5,24.9,289.0,1.0,7.1,24.9696
631,2021/11/27,34.4,26.1,17.5,99 ,57 ,30 ,40.13,15.2,21.6,28.0,375.0,0.0,8.2,32.4
632,2021/11/28,28.7,21.2,14.9,99 ,70 ,38 ,27.43,17.4,23.5,30.0,366.0,0.0,8.3,31.6224
633,2021/11/29,34.4,24.1,14.6,82 ,49 ,18 ,0.0,19.2,25.5,31.9,344.0,0.6,8.0,29.7216
634,2021/11/30,34.6,25.4,14.9,85 ,47 ,19 ,0.0,20.3,24.6,31.1,280.0,3.1,6.3,24.192
635,2021/12/01,34.1,24.9,17.6,84 ,59 ,36 ,0.0,18.0,23.2,30.4,274.0,2.4,7.0,23.6736
636,2021/12/02,34.9,26.5,18.4,73 ,54 ,33 ,0.0,18.5,22.4,29.2,338.0,7.0,6.2,29.2032
637,2021/12/03,32.6,27.7,24.9,63 ,41 ,33 ,0.0,17.2,21.7,26.9,321.0,2.1,5.3,27.7344
638,2021/12/04,34.1,25.8,21.0,72 ,55 ,31 ,0.0,17.9,22.6,28.0,337.0,0.9,6.2,29.1168
639,2021/12/05,32.1,24.9,18.4,89 ,66 ,46 ,0.0,18.6,23.3,28.9,341.0,0.6,6.6,29.4624
640,2021/12/06,35.3,25.5,18.0,87 ,63 ,38 ,0.0,18.5,24.6,30.6,342.0,0.5,7.2,29.5488
641,2021/12/07,34.5,27.1,18.8,76 ,51 ,33 ,0.0,15.9,20.0,26.7,258.0,1.8,8.0,22.2912
642,2021/12/08,38.8,28.4,21.2,64 ,43 ,24 ,0.0,14.1,18.8,24.3,365.0,0.0,8.6,31.536
643,2021/12/09,30.7,24.2,20.7,86 ,66 ,44 ,0.0,13.6,19.8,26.6,368.0,0.0,8.2,31.7952
644,2021/12/10,22.9,20.3,18.9,99 ,97 ,73 ,9.4,15.2,21.8,28.7,381.0,0.0,8.8,32.9184
645,2021/12/11,32.5,24.8,18.1,99 ,72 ,41 ,0.0,18.6,24.0,30.5,320.0,0.0,8.2,27.648
646,2021/12/12,33.9,23.7,18.7,99 ,75 ,44 ,11.43,19.9,25.1,31.4,341.0,0.5,7.8,29.4624
647,2021/12/13,30.3,22.0,18.0,99 ,86 ,50 ,0.0,19.7,24.9,31.0,359.0,4.3,7.3,31.0176
648,2021/12/14,37.1,25.6,18.3,88 ,67 ,36 ,0.0,20.5,26.2,32.3,356.0,1.3,8.0,30.7584
649,2021/12/15,34.5,24.2,16.6,90 ,64 ,36 ,0.0,20.1,24.6,30.9,265.0,5.4,6.6,22.896
650,2021/12/16,35.7,26.8,18.2,76 ,51 ,27 ,0.0,20.5,24.9,30.9,347.0,0.0,7.7,29.9808
651,2021/12/17,36.8,26.9,17.3,86 ,53 ,23 ,0.0,20.5,25.4,31.3,370.0,0.0,8.5,31.968
652,2021/12/18,36.3,28.6,20.1,67 ,50 ,33 ,0.0,20.4,25.7,31.8,356.0,1.4,8.4,30.7584
653,2021/12/19,40.6,30.6,21.5,73 ,51 ,28 ,0.0,19.0,24.6,31.5,340.0,4.3,7.4,29.376
654,2021/12/20,42.0,35.0,26.6,60 ,36 ,24 ,0.0,19.7,25.4,30.8,327.0,1.2,7.7,28.2528
655,2021/12/21,40.5,29.4,20.7,82 ,57 ,31 ,0.76,21.2,25.5,30.9,270.0,2.2,6.7,23.328
656,2021/12/22,38.3,30.5,22.1,99 ,54 ,27 ,1.78,18.9,23.7,30.4,301.0,2.9,6.8,26.0064
657,2021/12/23,38.9,33.7,26.7,39 ,31 ,24 ,0.0,16.2,21.7,27.2,306.0,3.5,7.9,26.4384
658,2021/12/24,39.8,29.8,20.3,67 ,37 ,19 ,0.0,16.4,21.7,28.4,384.0,0.0,9.8,33.1776
659,2021/12/25,40.1,30.4,21.3,57 ,33 ,15 ,0.0,16.1,23.4,30.5,382.0,0.2,10.2,33.0048
660,2021/12/26,41.2,30.5,20.2,55 ,34 ,17 ,0.0,18.2,24.3,31.2,380.0,0.0,10.3,32.832
661,2021/12/27,42.5,31.1,19.7,57 ,27 ,11 ,0.0,18.4,25.0,31.9,376.0,0.0,10.0,32.4864
662,2021/12/28,41.9,31.2,20.3,58 ,29 ,13 ,0.0,19.6,25.4,32.3,332.0,1.7,9.1,28.6848
663,2021/12/31,39.6,35.0,0.0,76 ,29 ,0 ,1.02,20.4,26.0,33.8,361.0,5.5,9.6,31.1904
664,2022/01/01,37.8,28.0,21.6,80 ,50 ,31 ,0.51,21.2,25.1,30.5,303.0,2.9,6.7,26.1792
665,2022/01/02,37.3,26.8,18.6,91 ,62 ,40 ,21.59,17.6,22.6,31.0,280.0,7.1,5.3,24.192
666,2022/01/03,35.8,26.0,20.5,83 ,65 ,37 ,0.0,18.7,23.2,29.0,354.0,0.6,7.3,30.5856
667,2022/01/04,,,,73 ,53 ,28 ,,19.9,24.8,31.1,362.0,2.2,7.2,31.2768
668,2022/01/06,,,,49 ,33 ,21 ,,17.5,22.4,28.6,281.0,0.0,9.8,24.2784
669,2022/01/07,36.0,31.5,29.3,69 ,33 ,19 ,0.0,18.3,24.4,31.2,319.0,0.0,9.9,27.5616
670,2022/01/08,38.6,29.8,19.9,66 ,40 ,24 ,0.0,18.4,23.8,31.0,268.0,1.6,10.1,23.1552
671,2022/01/09,40.2,30.5,20.9,58 ,37 ,14 ,0.0,19.4,25.0,31.9,342.0,0.0,9.9,29.5488
672,2022/01/10,43.6,31.9,21.6,69 ,40 ,18 ,0.0,20.5,25.5,31.1,288.0,0.5,9.8,24.8832
673,2022/01/11,46.3,34.0,20.9,70 ,37 ,14 ,0.0,19.8,25.3,31.9,339.0,0.3,10.5,29.2896
674,2022/01/12,44.2,40.2,0.0,60 ,23 ,0 ,0.0,21.2,26.5,33.0,364.0,0.2,10.6,31.4496
675,2022/01/13,42.6,35.1,30.3,30 ,24 ,14 ,0.0,21.8,27.4,33.9,329.0,1.8,8.6,28.4256
676,2022/01/14,42.5,34.0,28.1,47 ,32 ,18 ,0.0,23.6,28.2,33.7,264.0,1.7,7.5,22.8096
677,2022/01/15,42.8,34.2,24.8,70 ,41 ,23 ,0.0,22.9,27.0,32.0,209.0,2.1,7.3,18.0576
678,2022/01/16,44.6,31.7,24.1,78 ,50 ,24 ,1.52,21.5,26.5,32.7,303.0,0.4,7.4,26.1792
679,2022/01/17,33.2,26.4,18.1,99 ,74 ,49 ,7.62,22.7,27.8,33.9,345.0,0.2,7.5,29.808
680,2021/12/29,,,,,,,,20.3,26.0,32.8,344.0,0.6,9.0,29.7216
681,2021/12/30,,,,,,,,20.7,26.6,33.9,373.0,0.0,10.2,32.2272
682,2022/01/05,,,,,,,,19.4,22.8,28.1,315.0,3.6,7.4,27.216
683,2022/01/18,,,,,,,,22.4,27.7,34.0,345.0,0.6,7.7,29.808
684,2022/01/19,,,,,,,,21.9,27.7,33.7,322.0,13.0,7.5,27.8208
685,2022/01/20,,,,,,,,22.0,26.0,31.6,294.0,4.7,6.0,25.4016
686,2022/01/21,,,,,,,,22.3,27.7,34.4,337.0,1.3,8.2,29.1168
687,2022/01/22,,,,,,,,23.2,27.7,33.8,316.0,1.0,8.7,27.3024
688,2022/01/23,,,,,,,,21.4,26.5,33.6,347.0,0.5,9.5,29.9808
689,2022/01/24,,,,,,,,21.7,27.4,33.9,346.0,1.0,10.1,29.8944
690,2022/01/25,,,,,,,,22.1,27.0,33.5,322.0,1.0,9.6,27.8208
691,2022/01/26,,,,,,,,21.8,26.1,33.2,190.0,6.4,7.0,16.416
692,2022/01/27,,,,,,,,22.3,26.7,32.8,297.0,4.5,7.2,25.6608
693,2022/01/28,,,,,,,,21.5,26.6,32.3,289.0,5.3,8.2,24.9696
694,2022/01/29,,,,,,,,21.6,26.9,34.0,331.0,1.9,9.1,28.5984
695,2022/01/30,,,,,,,,23.7,28.1,34.2,344.0,0.0,9.8,29.7216
696,2022/01/31,,,,,,,,21.7,26.2,32.2,294.0,0.8,8.7,25.4016
697,2022/02/01,,,,,,,,21.1,27.0,33.7,342.0,0.0,10.1,29.5488
698,2022/02/02,,,,,,,,22.9,27.3,34.7,345.0,0.5,9.0,29.808
699,2022/02/03,,,,,,,,21.1,26.8,33.7,312.0,0.8,8.9,26.9568
700,2022/02/04,,,,,,,,17.7,23.3,31.2,244.0,5.1,9.8,21.0816
701,2022/02/05,,,,,,,,17.6,21.4,28.0,173.0,7.2,9.6,14.9472
702,2022/02/06,,,,,,,,19.0,24.7,31.1,283.0,0.2,9.2,24.4512
703,2022/02/07,,,,,,,,19.9,25.5,33.6,263.0,3.7,7.9,22.7232
704,2022/02/08,,,,,,,,20.9,24.9,30.6,297.0,1.4,9.0,25.6608
705,2022/02/09,,,,,,,,20.5,24.8,30.3,219.0,1.7,8.6,18.9216
706,2022/02/10,,,,,,,,20.7,24.8,30.1,190.0,5.2,6.5,16.416
707,2022/02/11,,,,,,,,20.9,25.6,31.7,252.0,1.2,7.2,21.7728
708,2022/02/12,,,,,,,,22.2,26.7,32.4,270.0,0.5,7.0,23.328
709,2022/02/13,,,,,,,,22.4,26.8,32.9,252.0,5.1,5.4,21.7728
710,2022/02/14,,,,,,,,22.0,25.1,30.8,252.0,5.8,3.9,21.7728
711,2022/02/15,,,,,,,,21.6,25.9,31.9,264.0,0.5,6.7,22.8096
712,2022/02/16,,,,,,,,22.3,26.9,33.0,267.0,0.2,7.0,23.0688
713,2022/02/17,,,,,,,,22.4,27.2,35.0,238.0,5.4,7.5,20.5632
714,2022/02/18,,,,,,,,21.8,26.4,33.1,312.0,0.3,9.3,26.9568
715,2022/02/19,,,,,,,,19.9,25.6,32.2,259.0,1.8,8.7,22.3776
716,2022/02/20,,,,,,,,18.1,23.6,31.3,236.0,2.2,8.3,20.3904
717,2022/02/21,,,,,,,,17.2,21.2,28.7,267.0,0.9,7.8,23.0688
718,2022/02/22,,,,,,,,17.1,22.6,29.4,304.0,0.5,10.0,26.2656
719,2022/02/23,,,,,,,,17.7,24.0,30.8,324.0,0.0,9.1,27.9936
720,2022/02/24,,,,,,,,19.4,25.7,33.2,320.0,0.1,9.4,27.648
721,2022/02/25,,,,,,,,20.4,26.6,33.8,320.0,1.4,9.5,27.648
722,2022/02/26,,,,,,,,21.7,27.6,34.6,301.0,0.0,9.1,26.0064
723,2022/02/27,,,,,,,,22.7,28.2,34.8,300.0,0.1,9.0,25.92
724,2022/02/28,,,,,,,,23.0,28.4,35.5,290.0,0.0,9.6,25.056
725,2022/03/01,,,,,,,,21.7,26.6,33.0,255.0,3.0,8.2,22.032
726,2022/03/02,,,,,,,,19.5,22.7,27.7,136.0,2.5,6.3,11.7504
727,2022/03/03,,,,,,,,20.7,24.4,29.6,184.0,1.0,7.4,15.8976
728,2022/03/04,,,,,,,,20.5,24.8,30.3,202.0,1.3,7.6,17.4528
729,2022/03/05,,,,,,,,21.3,25.6,31.4,243.0,2.5,7.4,20.9952
730,2022/03/06,,,,,,,,21.2,26.3,32.4,265.0,1.8,7.1,22.896
731,2022/03/07,,,,,,,,21.3,25.5,32.3,248.0,7.7,5.2,21.4272
732,2022/03/08,,,,,,,,19.5,24.6,30.3,274.0,1.0,7.9,23.6736
733,2022/03/09,,,,,,,,18.1,24.2,31.1,270.0,2.1,9.1,23.328
734,2022/03/10,,,,,,,,18.2,21.4,26.7,158.0,3.8,7.8,13.6512
735,2022/03/11,,,,,,,,17.7,21.7,26.2,172.0,2.9,5.6,14.8608
736,2022/03/12,,,,,,,,18.3,23.0,28.3,264.0,1.1,7.2,22.8096
737,2022/03/13,,,,,,,,19.0,23.8,30.3,267.0,2.7,6.7,23.0688
738,2022/03/14,,,,,,,,20.5,25.4,32.0,276.0,1.4,7.5,23.8464
739,2022/03/15,,,,,,,,18.6,23.6,31.3,244.0,2.4,8.0,21.0816
740,2022/03/16,,,,,,,,16.5,20.8,29.3,234.0,5.4,6.2,20.2176
741,2022/03/17,,,,,,,,16.3,18.4,22.0,85.0,4.1,4.0,7.344
742,2022/03/18,,,,,,,,16.6,20.1,24.3,192.0,1.6,4.7,16.5888
743,2022/03/19,,,,,,,,17.6,21.3,26.5,219.0,1.4,5.8,18.9216
744,2022/03/20,,,,,,,,15.6,19.1,24.6,169.0,1.3,7.9,14.6016
745,2022/03/21,,,,,,,,13.9,19.3,25.8,202.0,0.1,7.8,17.4528
746,2022/03/22,,,,,,,,16.2,21.5,28.4,266.0,0.6,7.6,22.9824
747,2022/03/23,,,,,,,,16.7,20.9,26.5,187.0,0.5,7.5,16.1568
748,2022/03/24,,,,,,,,15.8,20.9,27.7,246.0,0.0,9.2,21.2544
749,2022/03/25,,,,,,,,16.8,21.5,28.4,214.0,0.1,8.2,18.4896
750,2022/03/26,,,,,,,,18.6,23.0,29.0,221.0,1.5,7.0,19.0944
751,2022/03/27,,,,,,,,18.5,21.8,26.6,65.0,4.6,6.3,5.616
752,2022/03/28,,,,,,,,16.6,21.2,27.2,228.0,0.0,10.7,19.6992
753,2022/03/29,,,,,,,,16.9,20.7,26.6,165.0,0.0,9.2,14.256
754,2022/03/30,,,,,,,,15.9,20.2,25.9,138.0,1.8,7.0,11.9232
755,2022/03/31,,,,,,,,16.5,20.6,26.5,187.0,0.3,6.7,16.1568
756,2022/04/01,,,,,,,,15.8,21.6,28.5,242.0,1.3,7.0,20.9088
757,2022/04/02,,,,,,,,16.8,21.2,27.3,200.0,0.0,7.9,17.28
758,2022/04/03,,,,,,,,15.4,20.3,26.7,168.0,0.4,8.2,14.5152
759,2022/04/04,,,,,,,,17.7,20.8,25.8,99.0,0.7,6.0,8.5536
760,2022/04/05,,,,,,,,18.2,21.7,27.3,144.0,0.7,6.5,12.4416
761,2022/04/06,,,,,,,,16.3,21.2,26.9,128.0,3.1,7.1,11.0592
762,2022/04/07,,,,,,,,15.4,21.1,27.9,162.0,0.1,7.8,13.9968
763,2022/04/08,,,,,,,,16.7,21.5,28.2,202.0,0.1,6.2,17.4528
764,2022/04/09,,,,,,,,18.8,23.2,28.7,176.0,0.8,6.7,15.2064
765,2022/04/10,,,,,,,,17.7,21.4,26.6,181.0,1.1,7.1,15.6384
766,2022/04/11,,,,,,,,17.8,21.0,26.4,182.0,1.3,6.5,15.7248
767,2022/04/12,,,,,,,,17.3,21.0,25.8,198.0,0.4,6.7,17.1072
768,2022/04/13,,,,,,,,14.3,18.5,25.4,152.0,7.0,5.6,13.1328
769,2022/04/14,,,,,,,,13.5,18.1,24.1,205.0,0.0,8.3,17.712
770,2022/04/15,,,,,,,,13.5,18.4,24.9,200.0,0.0,8.2,17.28
771,2022/04/16,,,,,,,,14.3,18.8,24.5,145.0,0.2,6.9,12.528
772,2022/04/17,,,,,,,,16.3,20.0,25.4,159.0,0.3,6.0,13.7376
773,2022/04/18,,,,,,,,15.8,20.2,26.2,140.0,0.3,5.8,12.096
774,2022/04/19,,,,,,,,15.9,20.4,27.0,160.0,0.1,6.0,13.824
775,2022/04/20,,,,,,,,16.3,21.5,27.3,163.0,0.5,6.8,14.0832
776,2022/04/21,,,,,,,,18.6,22.0,27.2,166.0,0.2,6.8,14.3424
777,2022/04/22,,,,,,,,18.8,22.5,27.3,178.0,0.0,5.7,15.3792
778,2022/04/23,,,,,,,,18.5,22.3,28.0,183.0,0.4,5.4,15.8112
779,2022/04/24,,,,,,,,17.2,20.9,27.2,171.0,0.1,7.9,14.7744
780,2022/04/25,,,,,,,,16.6,20.4,25.9,189.0,0.1,8.3,16.3296
781,2022/04/26,,,,,,,,15.1,18.9,24.3,174.0,2.8,6.5,15.0336
782,2022/04/27,,,,,,,,16.0,19.2,24.1,138.0,0.6,6.0,11.9232
783,2022/04/28,,,,,,,,15.6,19.4,24.4,118.0,0.3,6.1,10.1952
784,2022/04/29,,,,,,,,14.8,18.7,25.0,83.0,1.9,5.2,7.1712
785,2022/04/30,,,,,,,,14.9,18.8,24.5,164.0,0.0,6.0,14.1696
786,2022/05/01,,,,,,,,16.7,19.9,24.9,164.0,0.1,5.6,14.1696
787,2022/05/02,,,,,,,,16.5,19.9,24.2,154.0,1.7,4.8,13.3056
788,2022/05/03,,,,,,,,16.2,19.5,24.2,73.0,2.3,4.6,6.3072
789,2022/05/04,,,,,,,,16.0,20.6,26.4,172.0,0.3,5.7,14.8608
790,2022/05/05,,,,,,,,16.3,20.2,25.7,156.0,0.6,6.4,13.4784
791,2022/05/06,,,,,,,,15.6,19.0,23.7,160.0,0.6,7.2,13.824
792,2022/05/07,,,,,,,,14.8,18.6,24.0,138.0,0.1,8.3,11.9232
793,2022/05/08,,,,,,,,15.1,18.6,23.5,106.0,1.0,6.8,9.1584
794,2022/05/09,,,,,,,,14.2,17.9,24.5,113.0,0.1,6.1,9.7632
795,2022/05/10,,,,,,,,13.8,18.5,24.5,96.0,0.3,5.4,8.2944
796,2022/05/11,,,,,,,,16.6,20.5,26.0,132.0,0.5,5.6,11.4048
797,2022/05/12,,,,,,,,15.0,18.6,24.7,146.0,0.3,6.2,12.6144
798,2022/05/13,,,,,,,,14.5,17.3,21.5,53.0,0.2,6.0,4.5792
799,2022/05/14,,,,,,,,13.5,17.0,21.7,93.0,0.7,6.4,8.0352
800,2022/05/15,,,,,,,,14.2,18.6,22.6,92.0,0.7,5.0,7.9488
801,2022/05/16,,,,,,,,17.3,19.1,23.2,93.0,1.7,4.9,8.0352
802,2022/05/17,,,,,,,,13.8,17.7,22.7,114.0,0.5,7.3,9.8496
803,2022/05/18,,,,,,,,14.2,17.3,21.9,134.0,0.0,7.3,11.5776
804,2022/05/19,,,,,,,,13.5,16.4,19.8,68.0,0.4,7.6,5.8752
805,2022/05/20,,,,,,,,13.6,16.8,20.9,75.0,1.1,5.4,6.48
806,2022/05/21,,,,,,,,14.3,17.0,22.0,82.0,0.9,6.8,7.0848
807,2022/05/22,,,,,,,,13.1,16.3,21.2,90.0,0.5,6.9,7.776
808,2022/05/23,,,,,,,,11.9,14.9,19.3,49.0,1.4,5.9,4.2336
809,2022/05/24,,,,,,,,11.2,15.8,21.3,102.0,0.1,6.5,8.8128
810,2022/05/25,,,,,,,,14.1,17.0,21.7,58.0,0.2,5.8,5.0112
811,2022/05/26,,,,,,,,13.8,16.8,20.2,53.0,1.1,4.1,4.5792
812,2022/05/27,,,,,,,,11.4,14.0,18.6,26.0,4.1,4.2,2.2464
813,2022/05/28,,,,,,,,12.0,14.1,16.6,52.0,3.2,3.9,4.4928
814,2022/05/29,,,,,,,,12.0,14.6,17.7,62.0,0.9,4.5,5.3568
815,2022/05/30,,,,,,,,11.6,14.1,18.3,104.0,0.8,4.7,8.9856
816,2022/05/31,,,,,,,,11.1,13.6,17.0,84.0,0.8,4.9,7.2576
817,2022/06/01,,,,,,,,12.3,13.7,15.4,49.0,1.8,3.8,4.2336
818,2022/06/02,,,,,,,,12.4,14.8,17.6,47.0,1.7,4.2,4.0608
819,2022/06/03,,,,,,,,13.5,15.9,19.0,34.0,2.0,3.3,2.9376
820,2022/06/04,,,,,,,,15.0,17.1,19.1,31.0,1.7,2.4,2.6784
