FECHA,TMPMIN,TMPMED,TMPMAX,HRMIN,HRMAX,PREC,RAD,ET0,COND_HELADAS,DUR_HELADAS
2020-01-01,21.1,25.5,30.3,46,99,0,NaN,NaN,0,0
2020-01-02,18.9,24.7,31.6,45,98,0,NaN,NaN,0,0
2020-01-03,22.7,28.3,33.2,40,70,0,NaN,NaN,0,0
2020-01-04,19,26.6,34.4,38,84,0,NaN,NaN,0,0
2020-01-05,18.9,27.1,34.7,35,92,0,NaN,NaN,0,0
2020-01-06,17.6,23.2,30,31,88,0,NaN,NaN,0,0
2020-01-07,13.4,23.6,32,24,89,0,NaN,NaN,0,0
2020-01-08,16.9,27.4,35.4,44,93,0,NaN,NaN,0,0
2020-01-09,21.5,26,31.1,60,86,0,NaN,NaN,0,0
2020-01-10,22,23.1,24.2,60,98,3.05,NaN,NaN,0,0
2020-01-11,25.8,30.1,33.8,51,99,3.05,NaN,NaN,0,0
2020-01-12,23.8,27.2,31.7,60,92,3.05,NaN,NaN,0,0
2020-01-13,23.6,28.9,36,58,90,3.05,NaN,NaN,0,0
2020-01-14,24.4,30.2,36.3,55,99,3.05,NaN,NaN,0,0
2020-01-15,19.6,25.2,31.1,39,99,5.84,NaN,NaN,0,0
2020-01-16,15,22.7,30.2,24,85,5.84,NaN,NaN,0,0
2020-01-17,17.3,24,30.6,33,83,5.84,NaN,NaN,0,0
2020-01-18,18.9,27.2,33.3,26,83,0,NaN,NaN,0,0
2020-01-19,23.3,29.7,36.2,54,84,0,NaN,NaN,0,0
2020-01-20,23.1,27.8,32.6,60,99,45.72,NaN,NaN,0,0
2020-01-21,22.7,26.2,32.5,60,99,63.5,NaN,NaN,0,0
2020-01-22,20.4,26.6,34.7,60,99,17.78,NaN,NaN,0,0
2020-01-23,21.2,27.6,35.3,60,99,0,NaN,NaN,0,0
2020-01-24,19.7,27.1,34.4,60,99,0,NaN,NaN,0,0
2020-01-25,20.4,29.2,38,60,99,0,NaN,NaN,0,0
2020-01-26,21.5,27.4,35,60,88,0,NaN,NaN,0,0
2020-01-27,20.5,25.2,33.4,59,78,0,NaN,NaN,0,0
2020-01-28,16.4,25.5,33.6,60,92,0,NaN,NaN,0,0
2020-01-29,19.2,22.4,25.5,60,99,2.79,NaN,NaN,0,0
2020-01-30,17.7,22.5,29.6,48,99,2.79,NaN,NaN,0,0
2020-01-31,13.4,23.1,31,60,88,0,NaN,NaN,0,0
2020-02-01,17.5,26.2,33.9,60,93,0,NaN,NaN,0,0
2020-02-02,18.6,27.6,36.3,60,99,0,NaN,NaN,0,0
2020-02-03,19,28.4,36,60,97,0,NaN,NaN,0,0
2020-02-04,21.9,29.7,38,60,88,0,NaN,NaN,0,0
2020-02-05,18.7,23.2,28.4,60,99,93.98,NaN,NaN,0,0
2020-02-06,20.2,23.8,29.6,60,99,95,NaN,NaN,0,0
2020-02-07,22.2,24.1,28.3,60,99,97.79,NaN,NaN,0,0
2020-02-08,21.4,22.2,22.7,99,99,0,NaN,NaN,0,0
2020-02-09,18.5,21.9,25,60,99,3.05,NaN,NaN,0,0
2020-02-10,15.9,22.1,29.6,60,99,3.05,NaN,NaN,0,0
2020-02-11,16.6,23.5,32.9,60,90,0,NaN,NaN,0,0
2020-02-12,18.3,25,32.5,60,95,0,NaN,NaN,0,0
2020-02-13,19.1,25.8,31.5,60,92,0,NaN,NaN,0,0
2020-02-14,22.4,26.4,33.8,60,96,0,NaN,NaN,0,0
2020-02-15,20.6,28.2,37.5,60,99,0,NaN,NaN,0,0
2020-02-16,24.1,29.1,36.1,60,60,0,NaN,NaN,0,0
2020-02-17,20.8,23.3,30.5,60,99,54.86,NaN,NaN,0,0
2020-02-18,15.8,22.8,32.5,32,99,54.86,NaN,NaN,0,0
2020-02-19,15.5,22.6,31.6,60,99,0,NaN,NaN,0,0
2020-02-20,17.5,21.7,29.2,33,99,0,NaN,NaN,0,0
2020-02-21,16,20.8,28.7,33,73,0,NaN,NaN,0,0
2020-02-22,9.9,20.7,29.3,36,91,0,NaN,NaN,0,0
2020-02-23,19.3,24.7,27.9,52,75,0,NaN,NaN,0,0
2020-02-24,14.6,23,31.4,50,99,0,NaN,NaN,0,0
2020-02-25,18.3,24.1,31.5,60,96,14.22,NaN,NaN,0,0
2020-02-26,14.1,22.8,33.6,59,91,14.22,NaN,NaN,0,0
2020-02-27,13.9,23.1,32.9,60,92,0,NaN,NaN,0,0
2020-02-28,15.8,25.4,35.4,60,98,0,NaN,NaN,0,0
2020-02-29,16.9,25.9,35.5,60,98,0,NaN,NaN,0,0
2020-03-01,16.8,25.8,34.1,60,99,0,NaN,NaN,0,0
2020-03-02,17.3,20.7,24.5,60,94,0,NaN,NaN,0,0
2020-03-03,17.1,26.3,34.6,60,86,0,NaN,NaN,0,0
2020-03-04,18.8,27.1,36.6,60,88,0,NaN,NaN,0,0
2020-03-05,19.1,27.2,35.3,44,85,0,NaN,NaN,0,0
2020-03-06,18.7,25.6,32.8,54,92,0,NaN,NaN,0,0
2020-03-07,17.9,26.7,34.7,60,99,0,NaN,NaN,0,0
2020-03-08,18.6,27.5,36.9,60,95,0,NaN,NaN,0,0
2020-03-09,20.6,28.7,38.6,60,86,0,NaN,NaN,0,0
2020-03-10,19.7,25.9,33.2,60,96,2.54,NaN,NaN,0,0
2020-03-11,20.3,27.7,38.4,60,98,5.84,NaN,NaN,0,0
2020-03-12,18.3,22.3,28.7,60,99,23.11,NaN,NaN,0,0
2020-03-13,18.9,22.6,27.95,60,90,11.555,NaN,NaN,0,0
2020-03-14,19.5,22.9,27.2,60,81,0,NaN,NaN,0,0
2020-03-15,13.9,16.6,19.5,81,99,27.18,NaN,NaN,0,0
2020-03-16,17.4,22.7,30.2,60,99,27.18,NaN,NaN,0,0
2020-03-17,17.6,20.9,23.3,60,99,24.64,NaN,NaN,0,0
2020-03-18,16.1,16.8,17.8,53,99,24.64,NaN,NaN,0,0
2020-03-19,17.3,26.8,32.8,39,99,24.64,NaN,NaN,0,0
2020-03-20,12.4,21.5,31.1,31,99,0,NaN,NaN,0,0
2020-03-21,14.4,22.4,30.3,44,99,0,NaN,NaN,0,0
2020-03-22,15.1,23.4,31.6,40,99,0,NaN,NaN,0,0
2020-03-23,19,26.7,33.2,42,95,0,NaN,NaN,0,0
2020-03-24,18.9,26.6,34.5,47,89,0,NaN,NaN,0,0
2020-03-25,18.3,21.9,26.5,60,99,5.59,NaN,NaN,0,0
2020-03-26,18.3,20.7,26.3,60,99,6.86,NaN,NaN,0,0
2020-03-27,17.3,20.9,23.7,60,99,7.11,NaN,NaN,0,0
2020-03-28,16.9,21.2,28.4,60,99,7.11,NaN,NaN,0,0
2020-03-29,18.5,23.7,32.9,50,99,0,NaN,NaN,0,0
2020-03-30,17,24.2,35.1,47,99,0.25,NaN,NaN,0,0
2020-03-31,20.9,24.8,31.3,60,99,0.25,NaN,NaN,0,0
2020-04-01,19.1,23.4,28.6,60,99,1.02,NaN,NaN,0,0
2020-04-02,14.3,19.8,26.7,37,98,1.02,NaN,NaN,0,0
2020-04-03,0,17.6,27.7,0,91,1.02,NaN,NaN,0,0
2020-04-04,10.8,19,28,46,99,1.02,NaN,NaN,0,0
2020-04-05,14.3,20.9,30.1,46,99,1.02,NaN,NaN,0,0
2020-04-06,14.3,18.7,24.4,28,98,1.02,NaN,NaN,0,0
2020-04-07,0,20.2,25.2,0,72,1.02,NaN,NaN,0,0
2020-04-08,4.9,20.05,26,32,86,0.51,NaN,NaN,0,0
2020-04-09,9.8,19.9,26.8,37,88,0,NaN,NaN,0,0
2020-04-10,9.4,12.6,21.8,62,90,0,NaN,NaN,0,0
2020-04-11,0,21.8,26.2,0,99,0,NaN,NaN,0,0
2020-04-12,11.1,19.8,27.4,43,99,0,NaN,NaN,0,0
2020-04-13,12.9,17.5,23.9,52,99,14.48,NaN,NaN,0,0
2020-04-14,0,16.6,27.4,0,97,14.48,NaN,NaN,0,0
2020-04-15,8.6,17.5,28.1,32,92,0,NaN,NaN,0,0
2020-04-16,10.2,17.8,26.7,43,91,0,NaN,NaN,0,0
2020-04-17,11.2,18.8,27.7,46,99,0,NaN,NaN,0,0
2020-04-18,0,18.7,27.5,0,99,0,NaN,NaN,0,0
2020-04-19,11.6,20.4,30.2,41,99,0,NaN,NaN,0,0
2020-04-20,13.9,16.8,25.5,60,99,0,NaN,NaN,0,0
2020-04-21,14.1,20.2,30.5,45,95,0,NaN,NaN,0,0
2020-04-22,15.6,21.2,28.3,59,99,0,NaN,NaN,0,0
2020-04-23,17.8,23.4,30,47,89,0,NaN,NaN,0,0
2020-04-24,18,26.1,35.6,39,92,0,NaN,NaN,0,0
2020-04-25,18,20.3,26,60,98,0,NaN,NaN,0,0
2020-04-26,16.6,18.2,20.1,97,99,17.02,NaN,NaN,0,0
2020-04-27,18.5,19.6,20.7,99,99,21.34,NaN,NaN,0,0
2020-04-28,12.2,19.3,24.4,53,99,5.59,NaN,NaN,0,0
2020-04-29,8.3,16.5,28.9,22,88,0,NaN,NaN,0,0
2020-04-30,14.8,18.9,25.8,38,87,0,NaN,NaN,0,0
2020-05-01,11.3,19.5,30.3,34,89,0,NaN,NaN,0,0
2020-05-02,18.1,21.8,25,47,69,0,NaN,NaN,0,0
2020-05-03,16.1,16.8,21.2,62,79,0,NaN,NaN,0,0
2020-05-04,13.8,18.7,25.6,59,97,0,NaN,NaN,0,0
2020-05-05,0,14,19.9,0,99,1.52,NaN,NaN,0,0
2020-05-06,3.8,11.2,22.7,31,89,1.52,NaN,NaN,0,0
2020-05-07,3.5,11.5,20.7,43,99,1.52,NaN,NaN,0,0
2020-05-08,6.1,10.1,21,47,99,0,NaN,NaN,0,0
2020-05-09,12.4,20.4,27.3,37,77,0,NaN,NaN,0,0
2020-05-10,0,19.6,32.1,0,86,0,NaN,NaN,0,0
2020-05-11,11,16.8,23.7,25,80,0,NaN,NaN,0,0
2020-05-12,8.1,14.5,23.3,27,80,0,NaN,NaN,0,0
2020-05-13,6.4,10.7,18.9,33,82,0,NaN,NaN,0,0
2020-05-14,3.2,11.7,21.3,37,99,0,NaN,NaN,0,0
2020-05-15,6.8,15.7,30.4,41,91,0,NaN,NaN,0,0
2020-05-16,11.1,22.6,32.4,45,90,0,NaN,NaN,0,0
2020-05-17,10.8,19.2,32.2,48,94,0,NaN,NaN,0,0
2020-05-18,11.1,18.9,28.7,44,94,0,NaN,NaN,0,0
2020-05-19,12.1,13,17.4,60,99,0,NaN,NaN,0,0
2020-05-20,14,19.7,25.5,60,88,0,NaN,NaN,0,0
2020-05-21,12,13.4,14.9,65,84,0.51,NaN,NaN,0,0
2020-05-22,5.7,11.2,14.7,41,81,2.03,NaN,NaN,0,0
2020-05-23,1.3,8.9,20.7,24,90,2.03,NaN,NaN,0,0
2020-05-24,2.3,11.6,25,28,99,0,NaN,NaN,0,0
2020-05-25,7.4,14.8,23.2,27,87,0,NaN,NaN,0,0
2020-05-26,0,8.6,14.3,0,86,0,NaN,NaN,0,0
2020-05-27,7.1,15.5,25.9,38,92,0,NaN,NaN,0,0
2020-05-28,9.4,16.5,27.1,45,95,0,NaN,NaN,0,0
2020-05-29,7.3,16,27.1,51,92,0,NaN,NaN,0,0
2020-05-30,9,10.8,12.3,57,91,0,NaN,NaN,0,0
2020-05-31,4.3,10.5,17.8,32,81,0,NaN,NaN,0,0
2020-06-01,0.8,8.7,19.9,32,84,0,NaN,NaN,0,0
2020-06-02,1.3,9.3,19,29,86,0,NaN,NaN,0,0
2020-06-03,3.4,10.6,16.5,54,99,0,NaN,NaN,0,0
2020-06-04,5.9,12,20.3,50,93,0,NaN,NaN,0,0
2020-06-05,7.9,11.3,18,51,90,0,NaN,NaN,0,0
2020-06-06,3.1,11,24,38,99,0,NaN,NaN,0,0
2020-06-07,3.9,11.5,22,41,99,0,NaN,NaN,0,0
2020-06-08,6.2,13.4,23.4,55,99,0,NaN,NaN,0,0
2020-06-09,6.6,14.5,25,49,99,0,NaN,NaN,0,0
2020-06-10,9.7,15.2,25.3,53,99,0,NaN,NaN,0,0
2020-06-11,6.9,14.3,22.9,51,99,0,NaN,NaN,0,0
2020-06-12,8.3,15.1,23,24,99,0,NaN,NaN,0,0
2020-06-13,0,10.3,17.1,0,76,0,NaN,NaN,0,0
2020-06-14,8.9,12.7,15.7,36,62,0,NaN,NaN,0,0
2020-06-15,0,11.5,18.5,0,84,0,NaN,NaN,0,0
2020-06-16,6.3,16.2,25.9,60,98,0,NaN,NaN,0,0
2020-06-17,13.7,21.1,29.1,60,88,0,NaN,NaN,0,0
2020-06-18,9.6,15.3,25.5,35,79,0,NaN,NaN,0,0
2020-06-19,6.7,13.9,25.5,44,99,0,NaN,NaN,0,0
2020-06-20,6,10.1,15.6,89,99,0,NaN,NaN,0,0
2020-06-21,7,12.9,19.9,34,99,0,NaN,NaN,0,0
2020-06-22,2.8,10.9,19.9,56,99,0,NaN,NaN,0,0
2020-06-23,11.4,13,15,88,98,0,NaN,NaN,0,0
2020-06-24,5.6,10.2,14.1,73,99,0.51,NaN,NaN,0,0
2020-06-25,3.6,9,19,32,91,0.51,NaN,NaN,0,0
2020-06-26,-0.6,6.7,15.4,36,85,0,NaN,NaN,0,0
2020-06-27,-1.4,7.4,18,40,87,0,NaN,NaN,0,0
2020-06-28,1.7,8.8,17.7,38,88,0,NaN,NaN,0,0
2020-06-29,2.6,10.3,19.4,60,99,0,NaN,NaN,0,0
2020-06-30,7.8,10.9,16.3,46,99,1.78,NaN,NaN,0,0
2020-07-01,5.6,9,12.2,67,96,0,NaN,NaN,0,0
2020-07-02,4.2,9.3,18.2,47,94,0,NaN,NaN,0,0
2020-07-03,2.1,9.7,19.5,47,99,0.51,NaN,NaN,0,0
2020-07-04,3.9,10.4,18.4,52,90,0.51,NaN,NaN,0,0
2020-07-05,4.4,8.9,17.6,37,83,0.51,NaN,NaN,0,0
2020-07-06,-0.9,7.8,13.7,43,85,0.51,NaN,NaN,0,0
2020-07-07,3.8,7.3,10,67,91,0.51,NaN,NaN,0,0
2020-07-08,-2.1,5.4,15.9,0,94,0.51,NaN,NaN,0,0
2020-07-09,-2,7.3,17,46,99,0.51,NaN,NaN,0,0
2020-07-10,0,11.3,19.5,0,91,0.51,NaN,NaN,0,0
2020-07-11,1.9,9.8,20,17,85,0.51,NaN,NaN,0,0
2020-07-12,3.5,9.8,19.5,26,68,0.51,NaN,NaN,0,0
2020-07-13,1,7.1,16.5,34,82,0.51,NaN,NaN,0,0
2020-07-14,0.1,7.9,16.6,39,80,0.51,NaN,NaN,0,0
2020-07-15,2.5,8.8,16.3,38,95,0.51,NaN,NaN,0,0
2020-07-16,9.8,16.7,23.3,24,70,0.51,NaN,NaN,0,0
2020-07-17,4,9.9,17,70,99,0.51,NaN,NaN,0,0
2020-07-18,10.8,13.5,17.9,99,99,0.51,NaN,NaN,0,0
2020-07-19,12.2,13.7,15.2,99,99,0.51,NaN,NaN,0,0
2020-07-20,10.1,11.8,14.5,98,99,0.51,NaN,NaN,0,0
2020-07-21,11,12.5,14.8,97,99,0.51,NaN,NaN,0,0
2020-07-22,10.3,12.4,15.5,74,99,0.51,NaN,NaN,0,0
2020-07-23,5,7.9,11.1,68,86,0.51,NaN,NaN,0,0
2020-07-24,-2.6,6.4,19.4,29,95,0,NaN,NaN,0,0
2020-07-25,-0.3,9.1,19,24,89,0,NaN,NaN,0,0
2020-07-26,3.6,11.4,19.3,32,87,0.25,NaN,NaN,0,0
2020-07-27,4.2,10.9,19.3,28,78,0.25,NaN,NaN,0,0
2020-07-28,0.5,8.3,18.5,21,66,0,NaN,NaN,0,0
2020-07-29,-1.5,7.3,16.7,26,67,0,NaN,NaN,0,0
2020-07-30,-1.6,7.9,16.3,37,78,0,NaN,NaN,0,0
2020-07-31,0.8,10.8,22.9,26,92,0,NaN,NaN,0,0
2020-08-01,0,15.2,25.9,0,88,0,NaN,NaN,0,0
2020-08-02,11.8,18.4,26.5,60,99,0,NaN,NaN,0,0
2020-08-03,13.3,21,30.6,48,94,0,NaN,NaN,0,0
2020-08-04,15.2,22.7,30.4,53,75,0,NaN,NaN,0,0
2020-08-05,15.7,24.2,34.8,52,80,0,NaN,NaN,0,0
2020-08-06,10.8,15.2,17.8,33,74,0,NaN,NaN,0,0
2020-08-07,7.8,11.5,17.4,52,83,0,NaN,NaN,0,0
2020-08-08,10.7,15.4,22.8,59,95,0,NaN,NaN,0,0
2020-08-09,0,16.3,25.9,0,99,0,NaN,NaN,0,0
2020-08-10,0,14.5,20.3,0,85,0,NaN,NaN,0,0
2020-08-11,1.8,9.7,18.7,0,50,0,NaN,NaN,0,0
2020-08-12,3.6,8.7,17.8,0,56,0,NaN,NaN,0,0
2020-08-13,2.88,10.72,19.5,0,44.8,0,NaN,NaN,0,0
2020-08-14,2.16,12.74,21.2,0,33.6,0,NaN,NaN,0,0
2020-08-15,1.44,14.76,22.9,0,22.4,0,NaN,NaN,0,0
2020-08-16,0.72,16.78,24.6,0,11.2,0,NaN,NaN,0,0
2020-08-17,0,18.8,26.3,0,0,0,NaN,NaN,0,0
2020-08-18,3.8,14.5,27.5,0,84,0,NaN,NaN,0,0
2020-08-19,2.2,8.6,12.8,0,50,0,NaN,NaN,0,0
2020-08-20,-2.5,6.5,17.7,0,66,0,NaN,NaN,0,0
2020-08-21,3.33333333333333,10.7333333333333,19.3333333333333,0,44,0,NaN,NaN,0,0
2020-08-22,9.16666666666667,14.9666666666667,20.9666666666667,0,22,0,NaN,NaN,0,0
2020-08-23,15,19.2,22.6,0,0,0,NaN,NaN,0,0
2020-08-24,0,18,28.5,0,85,0,NaN,NaN,0,0
2020-08-25,0,24.3,32.3,0,83,0,NaN,NaN,0,0
2020-08-26,11.3,16,21.1,51,92,0.76,NaN,NaN,0,0
2020-08-27,7.6,14.2,22.9,31,92,0,NaN,NaN,0,0
2020-08-28,5.6,15.6,27.6,49,89,0,NaN,NaN,0,0
2020-08-29,11.7,15.3,17.2,47,91,0,NaN,NaN,0,0
2020-08-30,7.8,13.3,20.4,22,64,0,NaN,NaN,0,0
2020-08-31,10.4,11.1,12.3,40,54,0,NaN,NaN,0,0
2020-09-01,8.3,9.1,10.4,0,93,0,NaN,NaN,0,0
2020-09-02,9.1,9.4,9.5,0,93,0,NaN,NaN,0,0
2020-09-03,7.1,10.9,18.5,61,99,0,NaN,NaN,0,0
2020-09-04,4.3,13,21.4,59,99,0,NaN,NaN,0,0
2020-09-05,9.1,12.6,23.6,52,95,0,NaN,NaN,0,0
2020-09-06,11.3,15.9,20.9,48,82,0,NaN,NaN,0,0
2020-09-07,8.1,13.9,22.8,59,84,0,NaN,NaN,0,0
2020-09-08,8.425,14.6,21.3,52.25,83.5,0,NaN,NaN,0,0
2020-09-09,8.75,15.3,19.8,45.5,83,0,NaN,NaN,0,0
2020-09-10,9.075,16,18.3,38.75,82.5,0,NaN,NaN,0,0
2020-09-11,9.4,16.7,16.8,32,82,0,NaN,NaN,0,0
2020-09-12,9.4,9.4,9.4,82,82,1.27,NaN,NaN,0,0
2020-09-13,9.4,20.9,23.1,0,82,1.3,NaN,NaN,0,0
2020-09-14,9.2,16.9,24.8,19,82,0,NaN,NaN,0,0
2020-09-15,5.9,14.1,22.9,25,82,0,NaN,NaN,0,0
2020-09-16,6.775,12.925,19.525,39.25,82,0,NaN,NaN,0,0
2020-09-17,7.65,11.75,16.15,53.5,82,0,NaN,NaN,0,0
2020-09-18,8.525,10.575,12.775,67.75,82,0,NaN,NaN,0,0
2020-09-19,9.4,9.4,9.4,82,82,0,NaN,NaN,0,0
2020-09-20,8.4,18.9,26.1,25,82,0,NaN,NaN,0,0
2020-09-21,4.3,15.1,24.9,20,82,0,NaN,NaN,0,0
2020-09-22,0,17,26.5,0,82,0,NaN,NaN,0,0
2020-09-23,0,18,32.1,0,82,0,NaN,NaN,0,0
2020-09-24,1.175,17.4875,30.4,2.75,82,0,NaN,NaN,0,0
2020-09-25,2.35,16.975,28.7,5.5,82,0,NaN,NaN,0,0
2020-09-26,3.525,16.4625,27,8.25,82,0,NaN,NaN,0,0
2020-09-27,4.7,15.95,25.3,11,82,0,NaN,NaN,0,0
2020-09-28,5.875,15.4375,23.6,13.75,82,0,NaN,NaN,0,0
2020-09-29,7.05,14.925,21.9,16.5,82,0,NaN,NaN,0,0
2020-09-30,8.225,14.4125,20.2,19.25,82,0,NaN,NaN,0,0
2020-10-01,9.4,13.9,18.5,22,82,0,NaN,NaN,0,0
2020-10-02,4.7,14.3,17.15,11,82,0,NaN,NaN,0,0
2020-10-03,0,14.7,15.8,0,82,0,NaN,NaN,0,0
2020-10-04,0,14.575,16.1,0,82,0.1875,NaN,NaN,0,0
2020-10-05,0,14.45,16.4,0,82,0.375,NaN,NaN,0,0
2020-10-06,0,14.325,16.7,0,82,0.5625,NaN,NaN,0,0
2020-10-07,0,14.2,17,0,82,0.75,NaN,NaN,0,0
2020-10-08,0,14.075,17.3,0,82,0.9375,NaN,NaN,0,0
2020-10-09,0,13.95,17.6,0,82,1.125,NaN,NaN,0,0
2020-10-10,0,13.825,17.9,0,82,1.3125,NaN,NaN,0,0
2020-10-11,0,13.7,18.2,0,82,1.5,NaN,NaN,1,1
2020-10-12,4.7,15.85,24.9,0,82,1.5,NaN,NaN,0,0
2020-10-13,9.4,18,31.6,0,82,1.5,NaN,NaN,0,0
2020-10-14,9.4,20.6,26.6,36,82,0,NaN,NaN,0,0
2020-10-15,9.4,20.1,29.3,34,82,0,NaN,NaN,0,0
2020-10-16,9.4,16.5333333333333,22.6666666666667,50,82,0,NaN,NaN,0,0
2020-10-17,9.4,12.9666666666667,16.0333333333333,66,82,0,NaN,NaN,0,0
2020-10-18,9.4,9.4,9.4,82,82,0,NaN,NaN,0,0
2020-10-19,9.4,15.4,21.4,55,82,1.02,NaN,NaN,0,0
2020-10-20,9.4,14.6,16.9,78,99,48.62,NaN,NaN,0,0
2020-10-21,9.4,13.2,15.8,82,99,0,NaN,NaN,0,0
2020-10-22,9.4,17.9,22.1,82,99,0,NaN,NaN,0,0
2020-10-23,9.4,20.2,26,76,99,0,NaN,NaN,0,0
2020-10-24,9.4,24.2,31.4,60,99,0,NaN,NaN,0,0
2020-10-25,9.4,20.5,25.9,65.5,94.75,2.5525,NaN,NaN,0,0
2020-10-26,9.4,16.8,20.4,71,90.5,5.105,NaN,NaN,0,0
2020-10-27,9.4,13.1,14.9,76.5,86.25,7.6575,NaN,NaN,0,0
2020-10-28,9.4,9.4,9.4,82,82,10.21,NaN,NaN,0,0
2020-10-29,9.4,14.2,18.9,28,82,0,NaN,NaN,0,0
2020-10-30,9.4,16,27.6,25,82,0,NaN,NaN,0,0
2020-10-31,9.4,18.9,30.1,18,83,0,NaN,NaN,0,0
2020-11-01,9.4,18.8,30.4,22,82,0,NaN,NaN,0,0
2020-11-02,9.4,9.4,9.4,82,82,0,NaN,NaN,0,0
2020-11-03,9.4,15.1,16.6,60,82,0,NaN,NaN,0,0
2020-11-04,9.4,20.8,23.8,38,82,0,NaN,NaN,0,0
2020-11-05,9.4,23,31.3,23,82,0,NaN,NaN,0,0
2020-11-06,9.4,22.5333333333333,28.2666666666667,26,85,0.433333333333333,NaN,NaN,0,0
2020-11-07,9.4,22.0666666666667,25.2333333333333,29,88,0.866666666666667,NaN,NaN,0,0
2020-11-08,9.4,21.6,22.2,32,91,1.3,NaN,NaN,0,0
2020-11-09,9.4,25.3,31.3,37,90,1.19,NaN,NaN,0,0
2020-11-10,9.4,21.1,28.8,48,87,0.3,NaN,NaN,0,0
2020-11-11,9.4,24.2,35,31,91,0,NaN,NaN,0,0
2020-11-12,9.4,24.2,32.5,26,82,0,NaN,NaN,0,0
2020-11-13,9.4,26.4,35.3,23,82,0,NaN,NaN,0,0
2020-11-14,9.4,20.1,25.3,38,99,21.84,NaN,NaN,0,0
2020-11-15,9.4,20.3,21.6,57,85,21.79,NaN,NaN,0,0
2020-11-16,9.4,21.9,24.7,41,82,0,NaN,NaN,0,0
2020-11-17,9.4,19.4,21.64,39.4,82,0,NaN,NaN,0,0
2020-11-18,9.4,16.9,18.58,37.8,82,0,NaN,NaN,0,0
2020-11-19,9.4,14.4,15.52,36.2,82,0,NaN,NaN,0,0
2020-11-20,9.4,11.9,12.46,34.6,82,0,NaN,NaN,0,0
2020-11-21,9.4,9.4,9.4,33,82,0,NaN,NaN,0,0
2020-11-22,9.4,9.4,9.4,26,82,0,NaN,NaN,0,0
2020-11-23,9.4,33.5,38.1,21,82,0,NaN,NaN,0,0
2020-11-24,9.4,30,41.2,23,82,0,NaN,NaN,0,0
2020-11-25,9.4,22.7,27,59,85,0,NaN,NaN,0,0
2020-11-26,9.4,22.7,28.6,28,88,0,NaN,NaN,0,0
2020-11-27,9.4,26.4,35.2,30,82,0,NaN,NaN,0,0
2020-11-28,9.4,26.7,36.4,41,89,0,NaN,NaN,0,0
2020-11-29,9.4,22.2,34.6,44,99,14,NaN,NaN,0,0
2020-11-30,9.4,22.3,30.1,32,90,0,NaN,NaN,0,0
2020-12-01,9.4,25.9,34.9,33,82,0,NaN,NaN,0,0
2020-12-02,9.4,22,28.4,54,99,35.31,NaN,NaN,0,0
2020-12-03,9.4,24.2,34.6,20,99,0.51,NaN,NaN,0,0
2020-12-04,9.4,16.1,21.1,38,88,5.11,NaN,NaN,0,0
2020-12-05,9.4,19.9,30.2,23,83,0,NaN,NaN,0,0
2020-12-06,9.4,22.1,32.3,26,82,0,NaN,NaN,0,0
2020-12-07,9.4,23.9,32.1,30,82,0,NaN,NaN,0,0
2020-12-08,9.4,26,35.4,29,85,0,NaN,NaN,0,0
2020-12-09,9.4,27.9,36.8,29,87,0,NaN,NaN,0,0
2020-12-10,9.4,23,29,52,93,0,NaN,NaN,0,0
2020-12-11,9.4,26.3,31,17,82,2.29,NaN,NaN,0,0
2020-12-12,9.4,23.8,33.3,34,82,1.02,NaN,NaN,0,0
2020-12-13,9.4,19.2,21.6,26,86,0,NaN,NaN,0,0
2020-12-14,9.4,9.4,9.4,21,87,0,NaN,NaN,0,0
2020-12-15,9.4,9.4,9.4,33,82,0,NaN,NaN,0,0
2020-12-16,9.4,9.4,9.4,24,82,0,NaN,NaN,0,0
2020-12-17,9.4,19.4,35.5,24,82,0,NaN,NaN,0,0
2020-12-18,9.4,34.1,36.8,32,88,14.22,NaN,NaN,0,0
2020-12-19,9.4,24.7,28.7,34,87,3.3,NaN,NaN,0,0
2020-12-20,9.4,22.7,30.5,29,86,0,NaN,NaN,0,0
2020-12-21,9.4,24.1,32.7,28,82,0,NaN,NaN,0,0
2020-12-22,9.4,22.7,30.8,31,88,0,NaN,NaN,0,0
2020-12-23,9.4,26.1,34.1,23,82,0,NaN,NaN,0,0
2020-12-24,9.4,27.7,35.9,30,82,0,NaN,NaN,0,0
2020-12-25,9.4,26.2,38.1,34,91,3.3,NaN,NaN,0,0
2020-12-26,9.4,29,38.2,30,87,0,NaN,NaN,0,0
2020-12-27,9.4,28.6,36.3,37,86,0,NaN,NaN,0,0
2020-12-28,9.4,24.1,32.5,55,99,19.3,NaN,NaN,0,0
2020-12-29,9.4,26.9,37.3,41,99,0,NaN,NaN,0,0
2020-12-30,9.4,21.2,27.1,35,93,7.62,NaN,NaN,0,0
2020-12-31,9.4,22.1,31.9,24,83,0,NaN,NaN,0,0
2021-01-01,9.4,25.2,33.9,28,89,0,NaN,NaN,0,0
2021-01-02,9.4,28.3,36.2,25,82,0,NaN,NaN,0,0
2021-01-03,9.4,23.9,30,43,82,0,NaN,NaN,0,0
2021-01-04,9.4,26.2,35.1,30,83,0,NaN,NaN,0,0
2021-01-05,9.4,22.5,28.4,48,96,1.02,NaN,NaN,0,0
2021-01-06,9.4,22.3,29.3,25,94,0,NaN,NaN,0,0
2021-01-07,9.4,9.4,9.4,15,82,0,NaN,NaN,0,0
2021-01-08,9.4,9.4,9.4,23,88,3.81,NaN,NaN,0,0
2021-01-09,9.4,9.4,9.4,40,90,4.83,NaN,NaN,0,0
2021-01-10,9.4,9.4,9.4,43,99,17.31,NaN,NaN,0,0
2021-01-11,9.4,9.4,9.4,78,99,29.79,NaN,NaN,0,0
2021-01-12,9.4,9.4,9.4,82,82,0,NaN,NaN,0,0
2021-01-13,9.4,9.4,9.4,82,82,0,NaN,NaN,0,0
2021-01-14,9.4,9.4,9.4,82,82,0.25,NaN,NaN,0,0
2021-01-15,9.4,11.2,18.4,57,99,35.41,NaN,NaN,0,0
2021-01-16,9.4,21.9,25.9,53,99,2.64,NaN,NaN,0,0
2021-01-17,9.4,21.6,29.9,32,84,0,NaN,NaN,0,0
2021-01-18,9.4,23.4,34.4,27,88,0,NaN,NaN,0,0
2021-01-19,9.4,24.6,34.8,29,87,0,NaN,NaN,0,0
2021-01-20,9.4,26,35.7,28,85,0,NaN,NaN,0,0
2021-01-21,9.4,26.4,36.4,30,83,0,NaN,NaN,0,0
2021-01-22,9.4,27.8,35.3,47,82,0,NaN,NaN,0,0
2021-01-23,9.4,29.4,36.9,42,87,0,NaN,NaN,0,0
2021-01-24,9.4,29.3,38.5,36,89,0,NaN,NaN,0,0
2021-01-25,9.4,27.6,37.6,45,99,22.07,NaN,NaN,0,0
2021-01-26,9.4,25.5,33,62,99,4.32,NaN,NaN,0,0
2021-01-27,9.4,25.3,37.1,49,95,0,NaN,NaN,0,0
2021-01-28,9.4,23.65,30.4,54,99,21.995,NaN,NaN,0,0
2021-01-29,9.4,22,23.7,72,99,43.99,NaN,NaN,0,0
2021-01-30,9.4,20.8,25.5,76,99,35,NaN,NaN,0,0
2021-01-31,9.4,17.6,19.4,82,99,5.13,NaN,NaN,0,0
2021-02-01,9.4,19.8,25.4,70,99,1.52,NaN,NaN,0,0
2021-02-02,9.4,20.1,25.5,66,99,0.25,NaN,NaN,0,0
2021-02-03,9.4,22.5,29.3,50,99,0.25,NaN,NaN,0,0
2021-02-04,9.4,23,32.5,39,95,0,NaN,NaN,0,0
2021-02-05,9.4,24.1,33.8,34,99,0,NaN,NaN,0,0
2021-02-06,9.4,24.5,33.8,35,91,0,NaN,NaN,0,0
2021-02-07,9.4,25.4,33.9,41,91,0,NaN,NaN,0,0
2021-02-08,9.4,22,28.5,61,89,0,NaN,NaN,0,0
2021-02-09,9.4,21.3,27.4,59,93,0,NaN,NaN,0,0
2021-02-10,9.4,23.1,31.4,42,91,0,NaN,NaN,0,0
2021-02-11,9.4,23.9,35,36,96,0,NaN,NaN,0,0
2021-02-12,9.4,24.2,35.7,41,92,12.95,NaN,NaN,0,0
2021-02-13,9.4,24.7,33.5,42,99,14.48,NaN,NaN,0,0
2021-02-14,9.4,25.1,36.1,38,99,0.3,NaN,NaN,0,0
2021-02-15,9.4,23.7,31.1,60,98,0,NaN,NaN,0,0
2021-02-16,9.4,21.2,30.8,45,99,0,NaN,NaN,0,0
2021-02-17,9.4,24.4,32.35,25,96,0,NaN,NaN,0,0
2021-02-18,9.4,27.6,33.9,26,96,0,NaN,NaN,0,0
2021-02-19,9.4,23.6,31.2,44,99,16,NaN,NaN,0,0
2021-02-20,9.4,23.3,31.2,50,94,0,NaN,NaN,0,0
2021-02-21,9.4,25.6,32,51,86,0,NaN,NaN,0,0
2021-02-22,9.4,27.4,37.8,45,99,0,NaN,NaN,0,0
2021-02-23,9.4,21.4,26.2,75,99,24.38,NaN,NaN,0,0
2021-02-24,9.4,24.4,34.9,33,98,0,NaN,NaN,0,0
2021-02-25,9.4,25.4,33.7,46,99,0,NaN,NaN,0,0
2021-02-26,9.4,25.7,33.5,40,97,0,NaN,NaN,0,0
2021-02-27,9.4,25.8,36.2,40,89,0,NaN,NaN,0,0
2021-02-28,9.4,21.7,29.5,53,94,0,NaN,NaN,0,0
2021-03-01,9.4,17.6,22.8,55,96,0,NaN,NaN,0,0
2021-03-02,9.4,13.5,16.1,36,91,0,NaN,NaN,0,0
2021-03-03,9.4,9.4,9.4,45,89,0,NaN,NaN,0,0
2021-03-04,9.4,20.6,23.4,50,98,0,NaN,NaN,0,0
2021-03-05,19.7,24.7,32.9,45,99,0,NaN,NaN,0,0
2021-03-06,18.5,25.4,34.3,46,89,0,NaN,NaN,0,0
2021-03-07,16.7,24.3,32.2,49,84,0,NaN,NaN,0,0
2021-03-08,18,24.4,34.2,38,89,0,NaN,NaN,0,0
2021-03-09,16.9,25.7,35.6,37,90,0,NaN,NaN,0,0
2021-03-10,9.4,25.5,34.3,33,95,0,NaN,NaN,0,0
2021-03-11,18,24.5,35.4,36,93,0,NaN,NaN,0,0
2021-03-12,9.4,20.2,24.1,76,99,5.11,NaN,NaN,0,0
2021-03-13,17.1,23.1,33,46,99,2.06,NaN,NaN,0,0
2021-03-14,20.9,23.3,28.6,68,99,3.56,NaN,NaN,0,0
2021-03-15,17.3,20.5,23.8,82,99,1.52,NaN,NaN,0,0
2021-03-16,17.2,23.1,29.7,57,99,29.31,NaN,NaN,0,0
2021-03-17,0.3,18.1,21.9,0,99,0,NaN,NaN,0,0
2021-03-18,12.1,16.9,23.4,55,96,0,NaN,NaN,0,0
2021-03-19,11.5,18,24.8,54,91,0,NaN,NaN,0,0
2021-03-20,15.4,19.8,23.9,66,95,0,NaN,NaN,0,0
2021-03-21,16.15,22.05,27.5,52,97,0,NaN,NaN,0,0
2021-03-22,16.9,24.3,31.1,38,99,0,NaN,NaN,0,0
2021-03-23,13.3,20.5,29.5,40,99,0,NaN,NaN,0,0
2021-03-24,17.5,22.8,28.8,70,99,0,NaN,NaN,0,0
2021-03-25,20.2,22.4,28.6,73,99,51.31,NaN,NaN,0,0
2021-03-26,15.5,18.6,21.2,88,99,0.51,NaN,NaN,0,0
2021-03-27,11,17,25,46,99,0,NaN,NaN,0,0
2021-03-28,10,18.8,26,55,98,0,NaN,NaN,0,0
2021-03-29,0,24.4,24.5,0,93,0,NaN,NaN,1,1
2021-03-30,3.56666666666667,24.1333333333333,24.7833333333333,41,95,0,NaN,NaN,0,0
2021-03-31,7.13333333333333,23.8666666666667,25.0666666666667,43,99,0,NaN,NaN,0,0
2021-04-01,10.7,23.6,25.35,46,84,0,NaN,NaN,0,0
2021-04-02,14.2666666666667,23.3333333333333,25.6333333333333,44,79,0,NaN,NaN,0,0
2021-04-03,17.8333333333333,23.0666666666667,25.9166666666667,43,87,0,NaN,NaN,0,0
2021-04-04,21.4,22.8,26.2,47,87,0,NaN,NaN,0,0
2021-04-05,17.3,21.3,28.7,63,99,0,NaN,NaN,0,0
2021-04-06,15,21,28.3,64,99,0,NaN,NaN,0,0
2021-04-07,17.2,23,28.6,70,99,0,NaN,NaN,0,0
2021-04-08,21.2,26.1,32.9,64,99,0,NaN,NaN,0,0
2021-04-09,19.3,20.8,25.4,91,99,22.05,NaN,NaN,0,0
2021-04-10,14.6,19.2,22.7,88,99,14.99,NaN,NaN,0,0
2021-04-11,11.2,16.8,24.9,43,99,1.52,NaN,NaN,0,0
2021-04-12,9.3,17,26,40,99,0,NaN,NaN,0,0
2021-04-13,11.2,18.3,26.7,49,99,0,NaN,NaN,0,0
2021-04-14,17.6,22.7,27.2,52,85,0,NaN,NaN,0,0
2021-04-15,9.4,21.8,35.1,41,99,0,NaN,NaN,0,0
2021-04-16,16.5,23.5,32,52,99,0,NaN,NaN,0,0
2021-04-17,17.4,23.3,31.4,52,99,0,NaN,NaN,0,0
2021-04-18,16.8,22.6,30,52,99,0,NaN,NaN,0,0
2021-04-19,18.1,26.1,29.8,53,94,0,NaN,NaN,0,0
2021-04-20,16.9,22.9,29.9,54,99,0,NaN,NaN,0,0
2021-04-21,15.8,19,24.7,76,99,15.75,NaN,NaN,0,0
2021-04-22,15.8,15.8,15.8,99,99,0,NaN,NaN,0,0
2021-04-23,15.8,15.8,15.8,99,99,0,NaN,NaN,0,0
2021-04-24,14.3,18.4,25.9,58,99,0,NaN,NaN,0,0
2021-04-25,8.3,16.4,26.1,35,95,0,NaN,NaN,0,0
2021-04-26,8.4,16.1,26.1,45,99,0,NaN,NaN,0,0
2021-04-27,12.3,17.2,25.4,45,88,0,NaN,NaN,0,0
2021-04-28,13.95,18.275,25.5,46,93.5,0,NaN,NaN,0,0
2021-04-29,15.6,19.35,25.6,47,99,0,NaN,NaN,0,0
2021-04-30,17.25,20.425,25.7,47,71,0,NaN,NaN,0,0
2021-05-01,18.9,21.5,25.8,43,84,0,NaN,NaN,0,0
2021-05-02,14,21.8,31,50,99,0,NaN,NaN,0,0
2021-05-03,19.6,24.2,32.2,58,98,0,NaN,NaN,0,0
2021-05-04,9.3,14.1,19.6,46,79,1.02,NaN,NaN,0,0
2021-05-05,7.8,9.8,14.3,69,99,3.05,NaN,NaN,0,0
2021-05-06,5.5,13,24,31,99,0,NaN,NaN,0,0
2021-05-07,5.6,10.7,18.3,45,99,0,NaN,NaN,0,0
2021-05-08,5,12,20.5,48,99,0,NaN,NaN,0,0
2021-05-09,5.4,13.9,23.9,47,99,0,NaN,NaN,0,0
2021-05-10,6.19090909090909,13.9909090909091,23.1727272727273,50.3636363636364,99,0.0463636363636364,NaN,NaN,0,0
2021-05-11,6.98181818181818,14.0818181818182,22.4454545454545,53.7272727272727,99,0.0927272727272727,NaN,NaN,0,0
2021-05-12,7.77272727272727,14.1727272727273,21.7181818181818,57.0909090909091,99,0.139090909090909,NaN,NaN,0,0
2021-05-13,8.56363636363636,14.2636363636364,20.9909090909091,60.4545454545455,99,0.185454545454545,NaN,NaN,0,0
2021-05-14,9.35454545454545,14.3545454545455,20.2636363636364,63.8181818181818,99,0.231818181818182,NaN,NaN,0,0
2021-05-15,10.1454545454545,14.4454545454545,19.5363636363636,67.1818181818182,99,0.278181818181818,NaN,NaN,0,0
2021-05-16,10.9363636363636,14.5363636363636,18.8090909090909,70.5454545454545,99,0.324545454545455,NaN,NaN,0,0
2021-05-17,11.7272727272727,14.6272727272727,18.0818181818182,73.9090909090909,99,0.370909090909091,NaN,NaN,0,0
2021-05-18,12.5181818181818,14.7181818181818,17.3545454545455,77.2727272727273,99,0.417272727272727,NaN,NaN,0,0
2021-05-19,13.3090909090909,14.8090909090909,16.6272727272727,80.6363636363636,99,0.463636363636364,NaN,NaN,0,0
2021-05-20,14.1,14.9,15.9,84,99,0.51,NaN,NaN,0,0
2021-05-21,15.4,15.4,15.4,87,99,0,NaN,NaN,0,0
2021-05-22,13.725,15.85,17.625,34,94,0,NaN,NaN,0,0
2021-05-23,12.05,16.3,19.85,31,82,0,NaN,NaN,0,0
2021-05-24,10.375,16.75,22.075,27,84,0,NaN,NaN,0,0
2021-05-25,8.7,17.2,24.3,31,85,0,NaN,NaN,0,0
2021-05-26,5.2,14.3,25.8,37,99,0,NaN,NaN,0,0
2021-05-27,5.1,15.3,25.7,40,99,0,NaN,NaN,0,0
2021-05-28,11.2,17.1,24.3,42,89,0,NaN,NaN,0,0
2021-05-29,9.4,12.5,20.8,22,71,0,NaN,NaN,0,0
2021-05-30,3.1,11.4,21.1,26,87,0,NaN,NaN,0,0
2021-05-31,3.7,13.4,26.9,30,83,0,NaN,NaN,0,0
2021-06-01,8.6,15.3,27.8,28,80,0,NaN,NaN,0,0
2021-06-02,9.1,15.5,29.2,34,92,0,NaN,NaN,0,0
2021-06-03,7.6,15.8,24.7,35,99,0,NaN,NaN,0,0
2021-06-04,12.9,19.7,30.5,53,99,0,NaN,NaN,0,0
2021-06-05,17.9,17.9,17.9,70,70,0,NaN,NaN,0,0
2021-06-06,16.0666666666667,17.5,17.9,70,79.6666666666667,0,NaN,NaN,0,0
2021-06-07,14.2333333333333,17.1,17.9,70,89.3333333333333,0,NaN,NaN,0,0
2021-06-08,12.4,16.7,17.9,70,99,0,NaN,NaN,0,0
2021-06-09,12.4,16.1,20.4,90,99,0,NaN,NaN,0,0
2021-06-10,11.1,15.6,21.7,68,99,0,NaN,NaN,0,0
2021-06-11,3.3,12.2,22.6,37,99,0,NaN,NaN,0,0
2021-06-12,9.1,15.5,24.4,57,99,0,NaN,NaN,0,0
2021-06-13,9.6,15.9,24.2,51,99,0,NaN,NaN,0,0
2021-06-14,7.9,12,16.6,65,99,0,NaN,NaN,0,0
2021-06-15,7.7,9.3,12,59,78,0,NaN,NaN,0,0
2021-06-16,2.2,4.9,7.8,69,99,12.95,NaN,NaN,0,0
2021-06-17,4.4,6.7,12,66,99,0,NaN,NaN,0,0
2021-06-18,5.8,8.3,11.7,68,94,0,NaN,NaN,0,0
2021-06-19,2.5,8.9,17,47,99,0,NaN,NaN,0,0
2021-06-20,0.9,8.1,16.2,55,99,0,NaN,NaN,1,1
2021-06-21,8.6,11.8,18.6,71,99,0,NaN,NaN,0,0
2021-06-22,9.8,12.3,18.5,72,99,0,NaN,NaN,0,0
2021-06-23,10.2,13.3,19.6,72,99,0,NaN,NaN,0,0
2021-06-24,6.9,12.7,21.4,52,99,0,NaN,NaN,0,0
2021-06-25,3.6,11.1,19,66,99,0.25,NaN,NaN,0,0
2021-06-26,5,9.8,15.1,45,99,0,NaN,NaN,0,0
2021-06-27,4.7,4.8,13,35,78,0,NaN,NaN,0,0
2021-06-28,0.4,8,13.6,43,87,0,NaN,NaN,0,0
2021-06-29,-2.7,6.2,19.7,21,95,0,NaN,NaN,1,1
2021-06-30,-0.3,5.3,14.7,41,99,0,NaN,NaN,0,0
2021-07-01,1.7,9.4,17.7,37,95,0,NaN,NaN,0,0
2021-07-02,1.5,9.8,20,32,99,0,NaN,NaN,0,0
2021-07-03,-0.2,9,19.3,35,94,0,NaN,NaN,1,1
2021-07-04,4.4,11.2,20.5,49,88,0,NaN,NaN,0,0
2021-07-05,3.9,12.2,22.7,42,99,0,NaN,NaN,0,0
2021-07-06,6.3,14,22.3,65,99,0,NaN,NaN,0,0
2021-07-07,11.7,15.2,21.6,71,99,1.27,NaN,NaN,0,0
2021-07-08,9.4,14.2,22.9,71,99,0,NaN,NaN,0,0
2021-07-09,11.3,18.6,26.6,48,99,0,NaN,NaN,0,0
2021-07-10,4.8,13,18.2,28,99,1.52,NaN,NaN,0,0
2021-07-11,4.1,11.1,19.1,34,82,0,NaN,NaN,0,0
2021-07-12,11,17,27.6,50,80,0,NaN,NaN,0,0
2021-07-13,9.2,14.1,20.2,45,78,1.02,NaN,NaN,0,0
2021-07-14,6.9,10.1,12.7,68,99,12.7,NaN,NaN,0,0
2021-07-15,1.4,9.3,21.3,36,99,0,NaN,NaN,0,0
2021-07-16,0,9.5,18.7,51,99,0,NaN,NaN,0,0
2021-07-17,4.9,9.7,15.7,24,83,0,NaN,NaN,0,0
2021-07-18,1,7.2,17,26,73,0,NaN,NaN,0,0
2021-07-19,0.5,8,18.3,27,85,0,NaN,NaN,0,0
2021-07-20,2.6,10.9,21.7,26,79,0,NaN,NaN,0,0
2021-07-21,4.5,11.4,22.9,27,74,0,NaN,NaN,0,0
2021-07-22,14.6,15.5,16,29,79,0,NaN,NaN,0,0
2021-07-23,9.4,9.7,14.6,57,73,0,NaN,NaN,0,0
2021-07-24,9.4,11.9,21.9,54,77,0,NaN,NaN,0,0
2021-07-25,7.3,12.1,18.8,55,85,0,NaN,NaN,0,0
2021-07-26,3.8,10.6,19.6,36,80,0,NaN,NaN,0,0
2021-07-27,-2.1,7.7,17.9,22,74,0,NaN,NaN,0,0
2021-07-28,0.6,6.4,13.9,32,79,0,NaN,NaN,0,0
2021-07-29,-2.4,7.4,17.6,25,82,0,NaN,NaN,0,0
2021-07-30,1.4,8.9,18.2,26,85,0,NaN,NaN,0,0
2021-07-31,2.5,11.6,23.9,19,83,0,NaN,NaN,0,0
2021-08-01,2.4,11.1,24.6,22,76,0,NaN,NaN,0,0
2021-08-02,2.4,10.9,20.4,36,98,0,NaN,NaN,0,0
2021-08-03,3.7,14.4,21.9,34,92,0,NaN,NaN,0,0
2021-08-04,8.8,18.7,23.2,27,78,0,NaN,NaN,0,0
2021-08-05,4.8,14.1,23,41,83,0,NaN,NaN,0,0
2021-08-06,6.2,16.1,25.9,41,99,0,NaN,NaN,0,0
2021-08-07,9.1,18.7,31.5,31,99,0,NaN,NaN,0,0
2021-08-08,6.8,11.9,16.1,56,99,5.84,NaN,NaN,0,0
2021-08-09,4.6,8.6,14.8,39,99,0.76,NaN,NaN,0,0
2021-08-10,-1.5,8.1,19.5,31,86,0,NaN,NaN,0,0
2021-08-11,1.6,9.7,21.8,26,98,0,NaN,NaN,0,0
2021-08-12,1.6,9,18.8,30,84,0,NaN,NaN,0,0
2021-08-13,0.2,9.1,20.7,32,80,0,NaN,NaN,0,0
2021-08-14,0.7,11.2,24.9,27,84,0,NaN,NaN,0,0
2021-08-15,3.4,11.9,22.7,32,85,0,NaN,NaN,0,0
2021-08-16,6.9,16.4,25.5,47,99,0,NaN,NaN,0,0
2021-08-17,10.3,19.3,31.7,36,99,0,NaN,NaN,0,0
2021-08-18,15.6,24.4,33.45,34,88.5,0,NaN,NaN,0,0
2021-08-19,20.9,29.5,35.2,32,78,0,NaN,NaN,0,0
2021-08-20,17.9142857142857,27.9285714285714,33.5428571428571,27.4285714285714,76.5714285714286,0,NaN,NaN,0,0
2021-08-21,14.9285714285714,26.3571428571429,31.8857142857143,22.8571428571429,75.1428571428571,0,NaN,NaN,0,0
2021-08-22,11.9428571428571,24.7857142857143,30.2285714285714,18.2857142857143,73.7142857142857,0,NaN,NaN,0,0
2021-08-23,8.95714285714286,23.2142857142857,28.5714285714286,13.7142857142857,72.2857142857143,0,NaN,NaN,0,0
2021-08-24,5.97142857142857,21.6428571428571,26.9142857142857,9.14285714285714,70.8571428571429,0,NaN,NaN,0,0
2021-08-25,2.98571428571429,20.0714285714286,25.2571428571429,4.57142857142857,69.4285714285714,0,NaN,NaN,0,0
2021-08-26,0,18.5,23.6,0,68,0,NaN,NaN,0,0
2021-08-27,4.6,13.2,24.4,22,75,0,NaN,NaN,0,0
2021-08-28,7.9,16.5,28,28,79,0,NaN,NaN,0,0
2021-08-29,7.7,18.1,27.8,33,76,0,NaN,NaN,0,0
2021-08-30,9.9,21.1,30.6,49,99,0,NaN,NaN,0,0
2021-08-31,18.1,25.1,32.9,41,77,0,NaN,NaN,0,0
2021-09-01,18.8,24,32.2,42,99,0.25,NaN,NaN,0,0
2021-09-02,14.4,16.4,18.8,99,99,1.5,NaN,NaN,0,0
2021-09-03,13.4,15.1,19.1,95,99,0,NaN,NaN,0,0
2021-09-04,14.8,18,26.7,73,99,0,NaN,NaN,0,0
2021-09-05,0,15.3,17,0,97,0,NaN,NaN,0,0
2021-09-06,15,21.4,26,63,99,0,NaN,NaN,0,0
2021-09-07,14.1,16.8,19.9,89,99,0,NaN,NaN,0,0
2021-09-08,11.6,14.6,18.4,57,98,14.48,NaN,NaN,0,0
2021-09-09,10.2,11.6,14.1,47,88,1.02,NaN,NaN,0,0
2021-09-10,13.65,15.15,17.6,36,99,0.51,NaN,NaN,0,0
2021-09-11,17.1,18.7,21.1,39,99,0,NaN,NaN,0,0
2021-09-12,12.1,22.7,35.1,16,87,0,NaN,NaN,0,0
2021-09-13,12.9,15.5,21,51,78,3.78,NaN,NaN,0,0
2021-09-14,6,14.3,23.3,18,69,0,NaN,NaN,0,0
2021-09-15,2.2,14.1,24.5,19,81,0,NaN,NaN,0,0
2021-09-16,5.9,16.9,26.7,18,78,0,NaN,NaN,0,0
2021-09-17,7.6,18.8,29.5,17,85,0,NaN,NaN,0,0
2021-09-18,10.6,20.6,29.6,47,87,0,NaN,NaN,0,0
2021-09-19,12.8,20.7,29.3,59,99,0,NaN,NaN,0,0
2021-09-20,13.6,17.8,21.4,67,99,0.51,NaN,NaN,0,0
2021-09-21,10.3,15.3,22.8,23,90,0,NaN,NaN,0,0
2021-09-22,11.3,15.4,22.2,37,83,0,NaN,NaN,0,0
2021-09-23,6.1,15.2,25.7,30,99,0,NaN,NaN,0,0
2021-09-24,6.8,17.6,28.4,34,87,0,NaN,NaN,0,0
2021-09-25,10,19.4,27.7,38,96,0,NaN,NaN,0,0
2021-09-26,11.3,21.7,35.1,24,99,0,NaN,NaN,0,0
2021-09-27,12.9,18.65,26,47.5,94.5,0,NaN,NaN,0,0
2021-09-28,14.5,15.6,16.9,71,90,0,NaN,NaN,0,0
2021-09-29,12.8,19.1,26.9,44,99,0,NaN,NaN,0,0
2021-09-30,13.1,20.7,30.9,49,99,3.3,NaN,NaN,0,0
2021-10-01,9.5,19.1,28.4,20,79,0,16.21372549,2.44043015087352,0,0
2021-10-02,13.2,19.9,32.5,34,77,3.56,16.37,2.54389967416146,0,0
2021-10-03,9.4,15.2,24.1,19,59,0,16.29803922,1.93466791335015,0,0
2021-10-04,4.2,16.3,28.7,15,70,0,16.35098039,2.58933461776877,0,0
2021-10-05,7.2,18.3,27.1,27,80,0,18.27843137,2.76180963997401,0,0
2021-10-06,9.2,15.2,21.8,33,74,2.29,19.01176471,2.08939286030787,0,0
2021-10-07,7.6,16.2,24.5,29,65,0,18.4745098,2.42270983429105,0,0
2021-10-08,13.5,18.3,25.4,30,58,0,17.85490196,2.08621580411426,0,0
2021-10-09,9.4,19.5,28.1,27,80,0,18.92941176,2.86480837008513,0,0
2021-10-10,13.5,18.1,24.2,66,99,4.57,17.2372549,1.89921520594232,0,0
2021-10-11,11.8,20.5,31.2,36,99,0,17.97647059,2.84537148102627,0,0
2021-10-12,13.1,22.8,31.8,34,92,0,17.38235294,2.86353938941648,0,0
2021-10-13,14.5,19.7,27.2,61,99,36.58,17.8254902,2.23513971881391,0,0
2021-10-14,9.3,15.5,28.1,44,99,28.96,17.91176471,2.42639984519248,0,0
2021-10-15,9.3,16,25.1,17,99,0.3,17.22745098,2.17155564886256,0,0
2021-10-16,8.9,16.4,24.9,31,69,0,18.85098039,2.41951179163993,0,0
2021-10-17,0,17.1,28.6,0,83,0,20.22352941,3.54142619570982,0,0
2021-10-18,11.1,20.6,30.8,22,78,0,19.17058824,3.06573967524779,0,0
2021-10-19,14.5,21.9,32.3,17,71,0,20.2254902,3.17864825838746,0,0
2021-10-20,11.7,22.6,31.3,20,85,0,19.56666667,3.28377164562514,0,0
2021-10-21,12.4,23.5,31.2,25,88,0,19.28823529,3.24095394866352,0,0
2021-10-22,13.5,22.6,31.7,29,99,1.02,16.48235294,2.66552628680292,0,0
2021-10-23,12.8,18.5,26.2,43,99,6.1,17.9745098,2.24098259943792,0,0
2021-10-24,8.7,20.7,33,15,87,0,18.23137255,3.24652923157415,0,0
2021-10-25,13.3,26,41.4,9,78,0,17.87647059,3.89468598336064,0,0
2021-10-26,15.8,28.2,40.6,10,71,0,18.64117647,4.00709719606043,0,0
2021-10-27,14.4,26.8,36.1,18,90,0,18.90784314,3.68615568266545,0,0
2021-10-28,7.2,29.4,37.3,9,66.5,0,19.51960784,4.55710231391242,0,0
2021-10-29,0,32,38.5,0,43,0,18.71960784,5.42804894515939,0,0
2021-10-30,18.6,30,40.3,24,66,0,18.50980392,3.86758246154268,0,0
2021-10-31,13.9,19.7,28.4,52,84,0.25,18.80392157,2.51938051447105,0,0
2021-11-01,12.2,14.9,20.3,82,99,13.46,18.43265306,1.60943765421367,0,0
2021-11-02,13.7,17.7,24.8,72,99,0,19.286,2.14017365959555,0,0
2021-11-03,12.4,16,27.4,44,99,0,19.616,2.40922565545073,0,0
2021-11-04,12.3,12.3,27.3,57,99,0,21.208,2.31944953473783,0,0
2021-11-05,12.3,13.7,17.9,49,99,0,20.158,1.40973645242909,0,0
2021-11-06,11.1,17.3,26.3,37,76,0,21.894,2.81104788743564,0,0
2021-11-07,12.9,22.3,33.4,33,81,0,20.588,3.50736169513117,0,0
2021-11-08,15.8,24,34,37,99,0,20.14,3.36996466739418,0,0
2021-11-09,16.1,20,29,42,99,10.92,19.698,2.50923128404891,0,0
2021-11-10,0,22.1,32,0,99,0,19.786,4.19034610350374,0,0
2021-11-11,16.1,24.3,33,28,96,0,20.45,3.32104031348011,0,0
2021-11-12,8.05,20.8,25.35,14,97.5,1.525,21.316,3.1714270520682,0,0
2021-11-13,0,17.3,17.7,0,99,3.05,21.81020408,3.02181379065629,0,0
2021-11-14,14.9,22.7,32.8,20,99,0,22.512,3.61945224615174,0,0
2021-11-15,16.1,23.4,30.9,51,80,0,22.394,3.33050910675819,0,0
2021-11-16,13.9,17.5,22,47,82,8.89,19.974,1.88277265940113,0,0
2021-11-17,9.3,18.5,28.6,20,79,0,22.276,3.33307352345961,0,0
2021-11-18,9.7,21.2,34,22,80,0,22.062,3.97971162322925,0,0
2021-11-19,13.1,25.3,36.2,16,78,0,23.532,4.57406441083547,0,0
2021-11-20,15,26.1,35.4,21,86,0,21.71,4.03927366176898,0,0
2021-11-21,16,27.3,37.3,24,91,0,21.72,4.24224045970181,0,0
2021-11-22,18.4,30,43,17,82,0,21.248,4.72708605225446,0,0
2021-11-23,20.2,25.8,33.7,23,62,0,21.546,3.23878796877806,0,0
2021-11-24,18.8,26.1,36.1,34,76,0,21.358,3.65941786800185,0,0
2021-11-25,0,27,32.9,0,99,21.34,22.474,5.4190625808935,0,0
2021-11-26,15.2,26.1,37.8,23,99,0,22.35,4.37683442469409,0,0
2021-11-27,17.5,26.1,34.4,30,99,40.13,23.042,3.9020416001571,0,0
2021-11-28,14.9,21.2,28.7,38,99,27.43,22.608,3.07330225163842,0,0
2021-11-29,14.6,24.1,34.4,18,82,0,22.244,3.89147196634564,0,0
2021-11-30,14.9,25.4,34.6,19,85,0,14.3562239999998,2.58296028574262,0,0
2021-12-01,17.6,24.9,34.1,36,84,0,11.4497279999998,1.86347385640679,0,0
2021-12-02,18.4,26.5,34.9,33,73,0,12.8891519999998,2.17638478574459,0,0
2021-12-03,24.9,27.7,32.6,33,63,0,11.0695679999998,1.31146964431002,0,0
2021-12-04,21,25.8,34.1,31,72,0,10.8164159999998,1.60165143546831,0,0
2021-12-05,18.4,24.9,32.1,46,89,0,9.3597119999998,1.38806221286953,0,0
2021-12-06,18,25.5,35.3,38,87,0,11.3797439999998,1.92311186593009,0,0
2021-12-07,18.8,27.1,34.5,33,76,0,14.3873279999998,2.40184275169536,0,0
2021-12-08,21.2,28.4,38.8,24,64,0,11.0643839999998,2.01233024262728,0,0
2021-12-09,20.7,24.2,30.7,44,86,0,5.6851199999998,0.708506472387029,0,0
2021-12-10,18.9,20.3,22.9,73,99,9.4,3.4490879999998,0.246599937462843,0,0
2021-12-11,18.1,24.8,32.5,41,99,0,12.3845759999998,1.87858044569424,0,0
2021-12-12,18.7,23.7,33.9,44,99,11.43,8.6425919999998,1.31209809401761,0,0
2021-12-13,18,22,30.3,50,99,0,6.1896959999998,0.810678034397432,0,0
2021-12-14,18.3,25.6,37.1,36,88,0,12.4381439999998,2.19627037960899,0,0
2021-12-15,16.6,24.2,34.5,36,90,0,12.7319039999998,2.12287321148755,0,0
2021-12-16,18.2,26.8,35.7,27,76,0,14.6845439999998,2.57087703614864,0,0
2021-12-17,17.3,26.9,36.8,23,86,0,14.0970239999998,2.61107688970974,0,0
2021-12-18,20.1,28.6,36.3,33,67,0,14.6560319999998,2.56842215701618,0,0
2021-12-19,21.5,30.6,40.6,28,73,0,14.6940479999998,2.91665964986132,0,0
2021-12-20,26.6,35,42,24,60,0,12.0320639999998,2.3395462294433,0,0
2021-12-21,20.7,29.4,40.5,31,82,0.76,12.7612799999998,2.51504940775989,0,0
2021-12-22,22.1,30.5,38.3,27,99,1.78,8.0015039999998,1.45968164526439,0,0
2021-12-23,26.7,33.7,38.9,24,39,0,13.9060799999998,2.34738826275388,0,0
2021-12-24,20.3,29.8,39.8,19,67,0,14.6059199999998,2.88092805349913,0,0
2021-12-25,21.3,30.4,40.1,15,57,0,14.7640319999998,2.89542586577445,0,0
2021-12-26,20.2,30.5,41.2,17,55,0,13.6062719999998,2.82603677534023,0,0
2021-12-27,19.7,31.1,42.5,11,57,0,14.1652799999998,3.10374144768498,0,0
2021-12-28,20.3,31.2,41.9,13,58,0,8.4749759999998,1.81111440587474,0,0
2021-12-29,13.5333333333333,32.4666666666667,41.1333333333333,8.66666666666667,64,0.34,14.2758719999998,2.65326236361646,0,0
2021-12-30,6.76666666666667,33.7333333333333,40.3666666666667,4.33333333333333,70,0.68,13.9423679999998,3.49541032135817,0,0
2021-12-31,0,35,39.6,0,76,1.02,13.9112639999998,4.33755827909988,0,0
2022-01-01,21.6,28,37.8,31,80,0.51,11.1862079999998,1.93498649269564,0,0
2022-01-02,18.6,26.8,37.3,40,91,21.59,14.9644799999998,2.70822192208467,0,0
2022-01-03,20.5,26,35.8,37,83,0,14.9109119999998,2.39710706234891,0,0
2022-01-04,22.7,27.375,35.85,28,73,0,14.2577279999998,2.24000379393284,0,0
2022-01-05,24.9,28.75,35.9,24.5,61,0,14.6067839999998,2.08290052551677,0,0
2022-01-06,27.1,30.125,35.95,21,49,0,14.1834239999998,1.9257972571007,0,0
2022-01-07,29.3,31.5,36,19,69,0,14.7700799999998,1.76869398868463,0,0
2022-01-08,19.9,29.8,38.6,24,66,0,14.8927679999998,2.87661947754733,0,0
2022-01-09,20.9,30.5,40.2,14,58,0,14.6733119999998,2.92170133951939,0,0
2022-01-10,21.6,31.9,43.6,18,69,0,14.3925119999998,3.14840997335866,0,0
2022-01-11,20.9,34,46.3,14,70,0,14.3804159999998,3.52299563964009,0,0
2022-01-12,0,40.2,44.2,0,60,0,13.9751999999998,5.05718835421704,0,0
2022-01-13,30.3,35.1,42.6,14,30,0,14.4815039999998,2.52127038390883,0,0
2022-01-14,28.1,34,42.5,18,47,0,14.6050559999998,2.6940662440066,0,0
2022-01-15,24.8,34.2,42.8,23,70,0,14.2767359999998,2.95571944111123,0,0
2022-01-16,24.1,31.7,44.6,24,78,1.52,14.1928479999997,2.98495593845155,0,0
2022-01-17,18.8,25.3205479452055,30.9,58,95,51.99,23.32233,3.28253348037577,0,0
2022-01-18,14.5,19.3912891986063,23.5,69,96,13,10.93431,1.1446745120248,0,0
2022-01-19,14.8,22.3118055555556,31.1,56,91,0,21.75318,3.30547534916006,0,0
2022-01-20,22.9,29.4809027777778,36.9,49,91,0,24.98679,4.14799524222136,0,0
2022-01-21,25.9,32.2704861111111,39.6,38,84,0,23.78718,4.1368835312146,0,0
2022-01-22,24.3,29.5576388888889,38.3,49,91,0,23.40261,3.89131740977054,0,0
2022-01-23,20.4,24.11875,29.8,62,97,37.59,13.80399,1.66468237320395,0,0
2022-01-24,21.2,25.8778656126482,30.4,68,96,0,13.15938,1.63588809968012,0,0
2022-01-25,23.7,26.4620209059233,31.9,62,96,0.3,16.51731,1.96445893276063,0,0
2022-01-26,23.4,26.7409722222222,31.5,61,96,0,22.10412,2.62931204143539,0,0
2022-01-27,17,21.2875,25.8,51,86,0,14.65251,1.59415569505189,0,0
2022-01-28,13.8,21.1259689922481,29.5,38,90,0,21.94617,3.17604431312299,0,0
2022-01-29,15.7,24.0787456445993,32.8,35,85,0,24.88824,4.04427056810681,0,0
2022-01-30,16.7,25.6463414634146,34.3,32,82,0,24.39099,4.17158172890795,0,0
2022-01-31,18.2,24.5694444444444,30.8,47,79,0,19.98207,2.81990980571538,0,0
2022-02-01,18.3,26.9861111111111,36.2,38,80,0,23.69358,4.21277554976093,0,0
2022-02-02,20.5,28.3477351916376,37.7,36,86,3.81,20.15466,3.61962503369286,0,0
2022-02-03,20.2,25.8475694444444,33.4,48,89,5.11,21.44574,3.19117611096765,0,0
2022-02-04,18.1,22.8,27.7,62,96,21.31,12.92025,1.52503681544493,0,0
2022-02-05,15.8,20.3362369337979,24.9,53,90,0,23.87823,2.57747580257993,0,0
2022-02-06,11.9,20.0735408560311,27.8,35,88,0,24.32634,3.44701835736845,0,0
2022-02-07,11.6,24.7267441860465,30.3,35,85,0,19.40589,3.34868241540058,0,0
2022-02-08,14.1,22.1012244897959,32.1,37,86,0,13.31859,2.11555703422556,0,0
2022-02-09,15.2,24.6659722222222,33.5,32,84,0,23.64336,4.03025919039431,0,0
2022-02-10,16.2,26.2590277777778,35.7,27,74,0,22.23702,4.05969462594428,0,0
2022-02-11,16.9,19.44375,24.2,52,95,25.7,3.58653,0.338624028731217,0,0
2022-02-12,12.1,17.5892361111111,23.3,48,92,0,24.40578,2.71199656623122,0,0
2022-02-13,9.2,18.8729166666667,28.1,40,89,0,23.24604,3.4773641623019,0,0
2022-02-14,13.9,23.1645833333333,32.7,35,81,0,23.04933,3.84145223962457,0,0
2022-02-15,15.5,25.6517361111111,35.1,28,83,0,22.62855,4.08463922151412,0,0
2022-02-16,19.3,26.7275261324042,38.8,34,84,1.5,19.39965,3.57936846452327,0,0
2022-02-17,18.5,23.6007575757576,30.9,52,91,0.2,16.29867,2.22958070921268,0,0
2022-02-18,15.9,24.0878472222222,32.6,48,91,0,22.41228,3.59986867270066,0,0
2022-02-19,17.2,23.3548611111111,32,50,86,0,18.15702,2.69741157368081,0,0
2022-02-20,17,23.4065972222222,32.2,42,94,0,21.55824,3.24977101412943,0,0
2022-02-21,15,21.600406504065,28.2,49,88,0,15.2616,2.04988255156861,0,0
2022-02-22,21.5,26.954,30.9,44,70,0,15.71256,2.0230674424044,0,0
2022-02-23,19.3,25.9246527777778,32.6,42,77,0,20.8512,3.11994041810226,0,0
2022-02-24,16.6,22.1274305555556,26.7,55,91,6.6,18.18516,2.16517663384972,0,0
2022-02-25,16.9,23.26875,29.2,65,88,0,12.9057,1.74419810192913,0,0
2022-02-26,23.2,29.5826388888889,38,48,90,0,21.56742,3.68915325401721,0,0
2022-02-27,23.7,30.1006944444444,41.2,39,91,0.51,21.39816,4.0236263830032,0,0
2022-02-28,16.4,24.3080952380952,30.2,36,93,8.1,16.00074,2.34855445629133,0,0
2022-03-01,11.7,21.0527777777778,29.7,33,86,0,21.41235,3.31177478595041,0,0
2022-03-02,15.9,24.6072916666667,34.8,41,88,0,21.21186,3.66950153792525,0,0
2022-03-03,15.7,26.1756097560976,35.8,39,85,0,20.43423,3.78035310115432,0,0
2022-03-04,22.1,26.0979166666667,31.6,63,88,0.3,17.00688,2.15920660792829,0,0
2022-03-05,21.2,22.3875444839858,23.7,87,97,79.81,3.88128,0.231409942104287,0,0
2022-03-06,20.3,22.9766550522648,28.5,70,95,0.2,9.64524,1.05676945071169,0,0
2022-03-07,17.3,23.0923611111111,27.8,51,94,3.61,21.6306,2.68939562586183,0,0
2022-03-08,13.6,19.8700348432056,27.5,52,90,10.59,18.31155,2.41301288742366,0,0
2022-03-09,18.1,20.1302083333333,24.6,79,95,16.31,4.58928,0.416408088272308,0,0
2022-03-10,14.8,20.9506944444444,27.9,47,95,2.31,19.09398,2.51274921971655,0,0
2022-03-11,11.9,19.6816254416961,28.1,39,85,0,19.62345,2.77767378003499,0,0
2022-03-12,11.8,19.7927083333333,28.3,48,91,0,20.62347,2.9548671795434,0,0
2022-03-13,13.8,21.1622222222222,29.8,45,90,0,17.03517,2.49108728846803,0,0
2022-03-14,15,22.1993031358885,30.1,51,90,0,18.52581,2.70185881147269,0,0
2022-03-15,18.9,24.678125,32.7,49,86,0,18.5745,2.75029473943153,0,0
2022-03-16,17.3,23.5378947368421,30.3,46,89,0,17.41191,2.43510687243029,0,0
2022-03-17,17.2,24.9527777777778,33.7,41,90,0,16.46601,2.68320109787124,0,0
2022-03-18,12.4,17.6145833333333,23.4,58,93,20.09,12.53118,1.38097833928711,0,0
2022-03-19,9.1,16.1668989547038,23.6,45,94,0,19.83879,2.40747086895808,0,0
2022-03-20,9.1,16.1668989547038,23.6,45,94,0,19.83879,2.40747086895808,0,0
2022-03-21,9.1,16.1668989547038,23.6,45,94,0,19.83879,2.40747086895808,0,0
2022-03-22,19.8,25.1495726495727,29.6,53,90,0,6.84153,0.863146652180235,0,0
2022-03-23,13.9,20.1643216080402,28.3,68,95,6.81,8.36766,1.13108128277275,0,0
2022-03-24,11.8,16.9859649122807,23.7,30,82,0,19.45275,2.19013318302279,0,0
2022-03-25,11.5,18.0746527777778,25.7,42,71,0,19.60176,2.48625982532629,0,0
2022-03-26,9.7,18.4729166666667,27.9,37,81,0,19.67346,2.85641394755063,0,0
2022-03-27,14.2,21.1878048780488,29.7,43,88,0,19.29276,2.77861198379708,0,0
2022-03-28,14.1,22.165625,30.5,51,88,0,18.83181,2.85986122919516,0,0
2022-03-29,16.8,23.6599303135889,34.2,41,84,0,18.86157,3.06078787262686,0,0
2022-03-30,8.4,14.7312,20.9,26,71,0,14.83503,1.60080409581623,0,0
2022-03-31,3.5,12.6982332155477,22.7,26,79,0,17.82213,2.23440431363135,0,0
2022-04-01,5,13.7861209964413,22.4,36,86,0,17.60337,2.17597253817247,0,0
2022-04-02,7.3,15.5732638888889,24.2,42,87,0,17.78979,2.28988812552474,0,0
2022-04-03,12.5,18.6076655052265,28.3,45,92,0,17.2173,2.3378117427345,0,0
2022-04-04,7.2,16.6395104895105,26.5,24,77,0,17.48889,2.48260337739618,0,0
2022-04-05,8.5,17.5940972222222,26.3,52,84,0,17.27193,2.4199031624836,0,0
2022-04-06,13,21.3221014492754,29.4,53,93,0,16.64868,2.47493375961025,0,0
2022-04-07,16.6,20.6515901060071,26.7,62,92,0,11.21832,1.2862891795438,0,0
2022-04-08,13.8,21.6377224199288,31,51,94,0,15.4911,2.37738632045454,0,0
2022-04-09,15.1,21.6814035087719,28.6,53,94,0,16.94247,2.30609868842152,0,0
2022-04-10,18.7,23.0679442508711,29.3,59,91,1.3,10.85457,1.35518165099731,0,0
2022-04-11,13.6,18.5904593639576,24,62,94,19.71,9.99225,1.10024777475201,0,0
2022-04-12,11,15.2681818181818,24.9,42,94,6.71,10.49433,1.21386793595032,0,0
2022-04-13,8.3,15.3487544483986,25.2,33,94,0.2,17.11983,2.18881804102773,0,0
2022-04-14,6.7,15.3115789473684,25,38,93,0,13.97358,1.8570024296234,0,0
2022-04-15,6.6,14.7491039426523,23.4,41,93,0,15.11322,1.89167052552827,0,0
2022-04-16,9,16.1832142857143,24.2,44,87,0,14.92593,1.85538367647016,0,0
2022-04-17,8.6,16.4801444043321,25.4,46,92,0,16.08084,2.11989481446508,0,0
2022-04-18,9.1,16.8740350877193,25.1,48,91,0,14.96712,1.94766291228872,0,0
2022-04-19,9.2,17.4845878136201,26.6,44,93,0,14.68827,2.02836372434757,0,0
2022-04-20,13.3,19.5788732394366,28.4,52,92,15.19,13.31625,1.81478814903938,0,0
2022-04-21,11.4,17.4435714285714,24.2,54,91,0,14.36205,1.69909068588444,0,0
2022-04-22,9.3,14.2285198555957,17.1,69,94,4,14.538795,1.70837162599313,0,0
2022-04-23,7.9,15.2153846153846,22.1,50,91,0,14.71554,1.71765256610182,0,0
2022-04-24,10.6,19.2809027777778,26.7,52,91,0,15.27165,2.13194818865505,0,0
2022-04-25,17.2,21.9891608391608,27.9,55,94,0,12.75879,1.55815105100451,0,0
2022-04-26,15.5,20.3286274509804,24.8,83,95,0,2.97897,0.325006960955986,0,0
2022-04-27,10.8,17.4079861111111,25,30,92,0.61,13.80492,1.71843943329232,0,0
2022-04-28,6.8,13.8125874125874,19.7,32,80,0,13.54275,1.44260908884049,0,0
2022-04-29,5.1,11.7332167832168,19.8,31,74,0,10.6128,1.1273712279625,0,0
2022-04-30,9.7,13.8646853146853,20,38,79,0,12.43962,1.18600974967423,0,0
2022-05-01,10.6,17.9811320754717,22.6,30,76,0,11.32347,1.31687079787746,0,0
2022-05-02,7.9,12.3180555555556,19.8,50,84,0,8.4795,0.82650201431721,0,0
2022-05-03,5.6,12.4887719298246,21.1,40,89,0,12.86181,1.43887971978419,0,0
2022-05-04,3.7,12.7568421052632,22.3,42,95,0,12.10746,1.49690896779034,0,0
2022-05-05,6.7,14.6583333333333,23.8,42,93,0,12.65619,1.59375413707326,0,0
2022-05-06,8.3,15.795818815331,24.6,54,93,0,11.1171,1.41473037679973,0,0
2022-05-07,9.7,16.4822299651568,25,49,95,0,10.79304,1.35789715800018,0,0
2022-05-08,11,17.6832167832168,25.7,51,93,0,11.91984,1.52148954279763,0,0
2022-05-09,10.6,17.7449477351916,28.3,38,89,0,10.06785,1.41259794104763,0,0
2022-05-10,10.2,16.5884057971015,26.4,41,90,0,11.46573,1.48895083309306,0,0
2022-05-11,8.3,15.0512195121951,23.8,51,89,0,9.78747,1.18764066498451,0,0
2022-05-12,9.7,14.7714285714286,20.9,62,93,0,9.53598,0.975227967754149,0,0
2022-05-13,10.3,14.1442105263158,17.6,76,90,0,2.56176,0.207434881709001,0,0
2022-05-14,11.7,15.8241258741259,21.4,46,93,0,5.80842,0.570687333939964,0,0
2022-05-15,6.7,11.9947916666667,18.4,45,93,5.79,10.02447,0.958439788015343,0,0
2022-05-16,2.8,9.21625441696113,17.2,47,83,0,10.29732,0.990308984468178,0,0
2022-05-17,3.2,8.33780918727915,15.7,52,90,0,11.03445,0.956542330540916,0,0
2022-05-18,0.7,7.6740350877193,17.1,45,89,0,11.08038,1.07224731852167,1,0
2022-05-19,-1,7.41201413427562,16.4,50,94,0,10.89297,1.07459687838706,1,3
2022-05-20,5.1,11.9684014869888,20.6,43,94,0,9.22497,1.01427611236624,0,0
2022-05-21,6.4,13.0933098591549,23.8,38,88,0,10.20303,1.23352720213973,0,0
2022-05-22,2.2,12.9790780141844,23.1,46,90,1.09,10.30296,1.36009806277469,0,0
2022-05-23,7.2,15.1940766550523,24.6,44,93,0,9.7914,1.26431069526708,0,0
2022-05-24,10.7,15.0397212543554,20.2,59,91,0,8.73426,0.8294392030744,0,0
2022-05-25,10,11.9513274336283,14.4,71,89,0,1.09605,0.0641701059222281,0,0
2022-05-26,4.9,10.1619718309859,14.4,65,87,0,6.09105,0.492462050804073,0,0
2022-05-27,10.9,13.140625,17.7,63,83,0,6.69471,0.506752897809501,0,0
2022-05-28,10.7,13.3249056603774,16.7,64,83,0,4.97121,0.355572671631117,0,0
2022-05-29,6.3,10.3363636363636,14.6,31,85,0,9.05712,0.688731697882557,0,0
2022-05-30,2.2,7.584375,15.2,30,71,0,7.83927,0.67302812910031,0,0
2022-05-31,4.3,7.97622377622378,12.7,42,74,0,3.64188,0.255216774749913,0,0
2022-06-01,6.3,8.89897435897436,14.6,44,74,0,5.44266,0.39271829401627,0,0
2022-06-02,5.7,10.8392307692308,15.7,42,71,0,3.70425,0.314716851469749,0,0
2022-06-03,0.2,8.290625,16.8,40,89,0,8.82468,0.879966632529136,1,1
2022-06-04,2,8.58784722222222,17.1,52,92,0,8.84943,0.851216821170016,0,0
2022-06-05,2.1,10.5601398601399,21.3,47,95,0,9.05004,1.05503010897561,0,0
2022-06-06,4.5,12.1833333333333,22.4,44,90,0,8.98362,1.06912815386142,0,0
2022-06-07,3.5,11.0326388888889,20.5,46,95,0,8.88903,0.991342260776447,0,0
2022-06-08,2.8,8.79611307420495,16.8,72,95,0,6.18312,0.577198119681446,0,0
2022-06-09,6.3,11.8069444444444,16.8,70,96,0.3,3.75081,0.33758378845299,0,0
2022-06-10,0.4,6.85416666666667,16.2,30,82,0,8.85594,0.814072034797013,1,1
2022-06-11,-1.3,8.12070175438597,18.5,38,84,0,8.82786,0.955127424110774,1,4
2022-06-12,5.8,12.8681818181818,22,34,79,0,8.90547,1.03129003016942,0,0
2022-06-13,3.6,12.2108391608392,20,29,87,0,8.94459,1.01984162005478,0,0
2022-06-14,2.3,11.3256944444444,19.6,41,88,0,8.39388,0.95394980849477,0,0
2022-06-15,2.8,10.7217543859649,19.4,46,84,0,8.36967,0.912421948623203,0,0
2022-06-16,6.1,11.3309027777778,18,46,77,0,8.06526,0.760342521146525,0,0
2022-06-17,3.5,10.6111111111111,20.4,27,85,0,8.6493,0.947694705035795,0,0
2022-06-18,2.3,10.4805555555556,19.6,28,88,0,8.40243,0.927193549140628,0,0
2022-06-19,5.1,10.9166666666667,18.7,42,81,0,8.23389,0.81802715327746,0,0
2022-06-20,1.5,9.60104166666667,20,32,83,0,8.68833,0.960580773806174,0,0
2022-06-21,3.7,9.40798611111111,17.2,39,74,0,7.78677,0.730235634825842,0,0
2022-06-22,2.8,7.51770833333333,13,52,86,0,6.32082,0.479420324604304,0,0
2022-06-23,-2.7,4.42777777777778,12,57,84,0,6.57249,0.525358128349498,1,8
2022-06-24,4.1,8.90176470588235,10.5,73,89,0,2.63343,0.16687376607367,0,0
2022-06-25,7.3,9.97978723404255,13.6,55,80,0,5.0274,0.328845270620022,0,0
2022-06-26,8.1,10.240625,13.2,65,78,0,3.31101,0.196691299718853,0,0
2022-06-27,8.3,9.80729166666667,11.9,78,95,1.5,2.24088,0.110113525852494,0,0
2022-06-28,8.6,12.1539473684211,19.7,49,95,9.19,8.47446,0.793412915650317,0,0
2022-06-29,6.1,10.5139393939394,18.6,54,88,0,5.87307,0.551537891162141,0,0
2022-06-30,4.9,12.3267605633803,18.9,37,88,0,6.73857,0.712619237770221,0,0
2022-07-01,5,12.1122270742358,20.7,60,91,0,6.16791,0.685816419462013,0,0
2022-07-02,5,9.9253112033195,17.7,34,79,0,6.98751,0.647663000245208,0,0
2022-07-03,2.3,13.1577319587629,18.6,29,74,0,8.40459,0.985508917665074,0,0
2022-07-04,4,10.9509225092251,21.4,40,83,0,7.70094,0.866422428980279,0,0
2022-07-05,1.1,7.84589552238806,15.3,62,92,0,8.29803,0.752246153355488,0,0
2022-07-06,1.8,10.134375,19,64,96,0,7.18752,0.781147324779748,0,0
2022-07-07,3.1,10.6375,17,21,88,0,9.11016,0.906110211834078,0,0
2022-07-08,3.7,10.5163194444444,15.7,31,73,0,4.73808,0.435998217419243,0,0
2022-07-09,3.4,14.4659722222222,25.3,50,84,0,9.05307,1.28249347152671,0,0
2022-07-10,10,13.9061855670103,20.3,47,85,0,0.13335,0.0127304379761047,0,0
2022-07-11,4.7,11.0763005780347,16.1,41,75,0,6.65385,0.608594238506417,0,0
2022-07-12,-2.6,6.07638888888889,14.1,44,89,0,9.22167,0.843984109356095,1,5
2022-07-13,2.7,10.4940972222222,18.7,39,86,0,9.32889,0.990468030239116,0,0
2022-07-14,5.1,13.10625,23.3,44,90,0,9.28215,1.14818325906205,0,0
2022-07-15,6.2,10.0961672473868,14.3,59,80,0,6.37569,0.4748588267171,0,0
2022-07-16,3,8.01909722222222,12,59,82,0,3.45423,0.250979799030867,0,0
2022-07-17,-2.6,6.91228070175439,15.2,41,89,0,9.79872,0.958301804644844,1,7
2022-07-18,1,9.02020905923345,17.3,43,91,0,9.63198,0.978383923325755,0,0
2022-07-19,0.3,9.38125,19.8,45,84,0,9.79749,1.10317303845499,1,2
2022-07-20,3.8,12.3017421602787,21.7,46,92,0,9.39822,1.12288908078586,0,0
2022-07-21,8.2,11.6288194444444,15.4,64,92,0,2.7048,0.200373714264705,0,0
2022-07-22,6.5,14.8407665505226,24.6,49,83,0,9.34971,1.21812916641975,0,0
2022-07-23,11.3,17.5006944444444,27.4,57,95,0,9.39198,1.24815630156956,0,0
2022-07-24,11.8,17.7138888888889,24.9,67,94,0,7.62795,0.919938558973533,0,0
2022-07-25,14.9,16.818118466899,19.2,81,95,0,3.96726,0.267201643065081,0,0
2022-07-26,14.9,16.9338289962825,21.6,76,96,0,4.37859,0.369348171747383,0,0
2022-07-27,13,15.5018587360595,21.1,63,93,0,7.0296,0.625089850531769,0,0
2022-07-28,8.2,13.2436823104693,19.8,31,83,0,9.87093,0.979134070659993,0,0
2022-07-29,2.1,12.6249084249084,23.6,24,78,0,9.60051,1.2706296509404,0,0
2022-07-30,4,13.1236111111111,21.7,26,83,0,10.55232,1.28796946700382,0,0
2022-07-31,5.4,14.4565972222222,25.5,27,82,0,10.28574,1.39554715438432,0,0
2022-08-01,5.3,14.803125,24.7,34,80,0,10.31481,1.38968568451298,0,0
2022-08-02,7.1,14.6958333333333,23.5,42,84,0,9.13566,1.1279345706077,0,0
2022-08-03,11.4,15.5677083333333,21,39,84,0.3,7.58643,0.735869524852608,0,0
2022-08-04,7.9,13.0795138888889,20.1,40,86,0,9.18645,0.929562217280556,0,0
2022-08-05,3.3,11.5503472222222,22.1,28,89,0,10.89195,1.30035975392976,0,0
2022-08-06,5.4,11.3118055555556,18.9,37,79,0,11.6715,1.17118630773238,0,0
2022-08-07,2.9,9.05704225352113,17.3,50,91,0,9.04452,0.864695444756601,0,0
2022-08-08,NaN,NaN,NaN,NaN,NaN,NaN,NaN,NaN,0,0
2022-08-09,NaN,NaN,NaN,NaN,NaN,NaN,NaN,NaN,0,0
2022-08-10,NaN,NaN,NaN,NaN,NaN,NaN,NaN,NaN,0,0
2022-08-11,NaN,NaN,NaN,NaN,NaN,NaN,NaN,NaN,0,0
2022-08-12,NaN,NaN,NaN,NaN,NaN,NaN,NaN,NaN,0,0
2022-08-13,NaN,NaN,NaN,NaN,NaN,NaN,NaN,NaN,0,0
2022-08-14,NaN,NaN,NaN,NaN,NaN,NaN,NaN,NaN,0,0
2022-08-15,NaN,NaN,NaN,NaN,NaN,NaN,NaN,NaN,0,0
2022-08-16,NaN,NaN,NaN,NaN,NaN,NaN,NaN,NaN,0,0
2022-08-17,NaN,NaN,NaN,NaN,NaN,NaN,NaN,NaN,0,0
2022-08-18,NaN,NaN,NaN,NaN,NaN,NaN,NaN,NaN,0,0
2022-08-19,NaN,NaN,NaN,NaN,NaN,NaN,NaN,NaN,0,0
2022-08-20,NaN,NaN,NaN,NaN,NaN,NaN,NaN,NaN,0,0
2022-08-21,NaN,NaN,NaN,NaN,NaN,NaN,NaN,NaN,0,0
2022-08-22,NaN,NaN,NaN,NaN,NaN,NaN,NaN,NaN,0,0
2022-08-23,NaN,NaN,NaN,NaN,NaN,NaN,NaN,NaN,0,0
2022-08-24,NaN,NaN,NaN,NaN,NaN,NaN,NaN,NaN,0,0
2022-08-25,NaN,NaN,NaN,NaN,NaN,NaN,NaN,NaN,0,0
2022-08-26,NaN,NaN,NaN,NaN,NaN,NaN,NaN,NaN,0,0
2022-08-27,NaN,NaN,NaN,NaN,NaN,NaN,NaN,NaN,0,0
2022-08-28,NaN,NaN,NaN,NaN,NaN,NaN,NaN,NaN,0,0
2022-08-29,NaN,NaN,NaN,NaN,NaN,NaN,NaN,NaN,0,0
2022-08-30,NaN,NaN,NaN,NaN,NaN,NaN,NaN,NaN,0,0